%
O0001
G90 G94 G17 G49 G40 G80
G21
G53 G0 Z100.

T1 M6
S5000 M3
G17 G90 G94
;G54
M8
G0 X54.08 Y120.136
G43 Z10. H1
G0 Z0.6
G3 X54.937 Y122.69 Z0.5 I-1.436 J1.903 F1000.
X52.866 Y124.411 Z0.4 I-2.291 J-0.651
X50.515 Y123.102 Z0.3 I-0.22 J-2.37
X50.886 Y120.439 Z0.2 I2.129 J-1.061
X53.501 Y119.824 Z0.1 I1.757 J1.601
X55.019 Y122.039 Z0. I-0.858 J2.215
X50.268 I-2.375 J0.
X55.019 I2.375 J0.
G1 X55.365 Y124.451
X55.46 Y125.053
X55.347 Y125.794
X55.006 Y126.462
X53.988 Y127.564
X52.571 Y128.056
X51.072 Y127.997
X49.658 Y127.496
X48.425 Y126.642
X47.443 Y125.509
X46.763 Y124.171
X46.423 Y122.71
X46.441 Y121.211
X46.817 Y119.758
X47.527 Y118.437
X48.531 Y117.323
X49.772 Y116.48
X51.177 Y115.956
X52.667 Y115.782
X54.155 Y115.967
X55.557 Y116.501
X56.791 Y117.354
X57.787 Y118.476
X58.487 Y119.802
X59.118 Y122.156
X59.419 Y124.574
X59.297 Y126.069
X58.849 Y127.501
X57.895 Y129.144
X56.88 Y130.248
X55.347 Y131.237
X53.94 Y131.759
X52.03 Y132.004
X50.137 Y131.834
X48.385 Y131.278
X46.535 Y130.206
X44.92 Y128.724
X43.65 Y126.908
X42.796 Y124.849
X42.407 Y122.655
X42.5 Y120.463
X43.054 Y118.376
X44.068 Y116.416
X45.503 Y114.696
X47.275 Y113.326
X49.3 Y112.371
X51.483 Y111.876
X53.722 Y111.864
X55.912 Y112.336
X57.951 Y113.27
X59.721 Y114.609
X61.137 Y116.269
X62.2 Y118.272
X62.852 Y120.62
X63.277 Y123.019
X63.401 Y125.374
X63.016 Y127.688
X62.107 Y129.949
X60.805 Y131.953
X59.168 Y133.564
X57.102 Y134.857
X54.942 Y135.65
X52.527 Y135.976
X50.092 Y135.864
X47.723 Y135.293
X45.509 Y134.274
X43.492 Y132.908
X41.743 Y131.211
X40.971 Y130.073
X40.93 Y130.001
X40.902 Y129.923
X40.887 Y129.841
X40.214 Y122.994
X40.807 Y115.868
X41.007 Y114.381
X41.9 Y112.862
X43.56 Y111.077
X45.546 Y109.666
X47.775 Y108.68
X50.133 Y108.067
X52.559 Y107.837
X54.991 Y107.996
X57.359 Y108.572
X59.562 Y109.614
X61.583 Y110.975
X63.356 Y112.647
X64.83 Y114.587
X65.366 Y115.663
X65.4 Y115.751
X65.417 Y115.844
X65.416 Y115.939
X65.315 Y116.975
X64.878 Y123.616
X64.853 Y124.17
X64.957 Y125.83
X65.277 Y129.704
X65.326 Y131.204
X64.875 Y132.694
X64.025 Y134.21
X62.403 Y136.028
X60.468 Y137.51
X58.35 Y138.715
X56.041 Y139.495
X53.634 Y139.872
X51.198 Y139.949
X48.773 Y139.707
X46.418 Y139.082
X44.198 Y138.077
X42.106 Y136.827
X41.804 Y136.591
X41.719 Y136.506
X41.657 Y136.404
X41.62 Y136.29
X41.421 Y135.239
X40.887 Y129.841
X40.888 Y129.763
X40.951 Y129.059
G2 X41.192 Y123.704 I-69.298 J-5.808
G1 Y123.698
X41.183 Y122.006
Y122.
G2 X40.88 Y116.65 I-69.53 J1.25
G1 X40.809 Y115.945
X40.807 Y115.868
X41.178 Y111.441
X41.248 Y110.887
X41.46 Y109.78
X41.816 Y108.323
X42.684 Y107.1
X44.33 Y105.858
X46.546 Y104.844
X48.911 Y104.257
X51.324 Y103.918
X53.761 Y103.876
X56.185 Y104.123
X58.539 Y104.753
X60.764 Y105.748
X62.863 Y106.986
X64.803 Y108.461
X66.323 Y109.958
X66.42 Y110.091
X66.468 Y110.247
X66.463 Y110.411
X65.48 Y115.386
X65.416 Y115.939
G3 X64.794 Y116.352 I-0.495 J-0.07
G1 X41.877 Y110.354
X41.828 Y110.341
G3 X41.46 Y109.78 I0.127 J-0.484
G1 X41.566 Y109.227
X42.715 Y104.246
X42.92 Y103.524
X43.744 Y102.271
X44.969 Y101.406
X47.234 Y100.505
X49.638 Y100.105
X52.064 Y99.875
X54.5 Y99.897
X56.92 Y100.185
X59.276 Y100.808
X61.546 Y101.695
X63.71 Y102.816
X65.763 Y104.128
X67.555 Y105.538
X67.667 Y105.661
X67.732 Y105.815
X67.744 Y105.981
X67.7 Y106.142
X67.295 Y107.013
X67.03 Y107.636
X66.587 Y109.785
X66.463 Y110.411
G3 X65.862 Y110.784 I-0.487 J-0.114
G1 X65.85 Y110.781
X43.11 Y104.833
X43.079 Y104.825
G3 X42.715 Y104.246 I0.127 J-0.484
G1 X43.736 Y99.818
X43.806 Y99.514
X43.864 Y99.265
X43.96 Y98.936
X43.971 Y98.912
G0 Z0.
X43.91 Y100.049
G3 X43.864 Y99.265 I1.507 J-0.482
G1 X43.929 Y99.001
X43.974 Y98.904
X44.359 Y98.26
X45.473 Y97.256
X47.285 Y96.491
X49.682 Y96.05
X52.111 Y95.86
X54.548 Y95.9
X56.971 Y96.157
X59.353 Y96.672
X61.671 Y97.425
X63.911 Y98.384
X66.057 Y99.538
X68.094 Y100.877
X69.286 Y101.811
X69.398 Y101.935
X69.464 Y102.088
X69.475 Y102.254
X69.431 Y102.415
X67.7 Y106.142
G3 X67.111 Y106.412 I-0.453 J-0.211
G1 X67.033 Y106.391
X44.251 Y99.997
G3 X43.887 Y99.54 I0.135 J-0.481
G1 Y99.532
G3 X44.045 Y98.771 I1.581 J-0.068
G1 X46.429 Y94.284
X46.813 Y93.64
X47.991 Y92.71
X49.818 Y92.091
X52.241 Y91.826
X54.676 Y91.91
X57.102 Y92.145
X59.496 Y92.6
X61.842 Y93.257
X64.128 Y94.104
X66.342 Y95.121
X68.471 Y96.307
X70.49 Y97.672
X71.186 Y98.234
X71.305 Y98.374
X71.366 Y98.548
X71.36 Y98.731
X71.288 Y98.901
X71.013 Y99.313
X70.46 Y100.231
X70.381 Y100.372
X69.431 Y102.415
G3 X68.821 Y102.661 I-0.446 J-0.226
G1 X68.757 Y102.639
X46.714 Y94.975
X46.696 Y94.968
X46.677 Y94.96
X46.659 Y94.952
G3 X46.429 Y94.284 I0.219 J-0.449
G1 X48.487 Y90.409
X49.256 Y89.122
X50.538 Y88.343
X52.317 Y87.924
X54.754 Y87.891
X57.178 Y88.135
X59.582 Y88.535
X61.948 Y89.12
X64.266 Y89.872
X66.526 Y90.783
X68.721 Y91.841
X70.836 Y93.051
X72.84 Y94.439
X73.407 Y94.951
X73.516 Y95.091
X73.568 Y95.26
X73.559 Y95.437
X73.488 Y95.599
X71.288 Y98.901
G3 X70.711 Y99.079 I-0.406 J-0.292
G1 X70.582 Y99.032
X48.766 Y91.098
X48.749 Y91.092
X48.733 Y91.085
X48.717 Y91.078
G3 X48.487 Y90.409 I0.219 J-0.449
G1 X49.375 Y88.749
X49.751 Y88.196
X50.161 Y87.642
X51.422 Y85.982
X52.387 Y84.834
X53.758 Y84.224
X55.9 Y83.987
X58.322 Y84.248
X60.722 Y84.675
X63.081 Y85.284
X65.4 Y86.034
X67.668 Y86.926
X69.878 Y87.952
X72.022 Y89.11
X74.082 Y90.413
X75.653 Y91.601
X75.806 Y91.78
X75.888 Y91.915
X75.924 Y92.069
X75.911 Y92.226
X75.849 Y92.371
X75.745 Y92.49
X75.439 Y92.752
X75.258 Y92.965
X75.105 Y93.177
X73.488 Y95.599
G3 X72.886 Y95.768 I-0.406 J-0.292
G1 X72.785 Y95.725
X51.634 Y86.73
G3 X51.422 Y85.982 I0.196 J-0.46
G1 X54.362 Y82.108
X55.328 Y80.96
X56.734 Y80.437
X58.694 Y80.304
X61.104 Y80.669
X63.471 Y81.248
X65.804 Y81.952
X68.094 Y82.784
X70.336 Y83.74
X72.522 Y84.816
X74.645 Y86.012
X76.69 Y87.338
X78.071 Y88.422
X78.855 Y89.376
X78.935 Y89.513
X78.968 Y89.668
X78.951 Y89.826
X78.886 Y89.97
X78.778 Y90.086
X75.993 Y92.284
X75.745 Y92.49
G3 X75.227 Y92.546 I-0.305 J-0.396
G1 X75.012 Y92.445
X54.559 Y82.849
G3 X54.362 Y82.108 I0.212 J-0.453
G1 X56.822 Y78.871
X56.917 Y78.787
X58.288 Y77.83
X59.559 Y77.033
X61.045 Y76.832
X63.469 Y77.083
X65.807 Y77.772
X68.125 Y78.524
X70.398 Y79.402
X72.625 Y80.391
X74.801 Y81.487
X76.913 Y82.703
X78.951 Y84.04
X80.806 Y85.482
X81.843 Y86.733
X82.015 Y87.067
X82.067 Y87.237
X82.056 Y87.414
X81.985 Y87.576
X81.861 Y87.703
X81.526 Y87.942
X79.312 Y89.665
X78.778 Y90.086
G3 X78.233 Y90.117 I-0.296 J-0.403
G1 X78.053 Y90.013
X58.339 Y78.663
G3 X58.288 Y77.83 I0.249 J-0.433
G1 X62.714 Y74.737
X63.985 Y73.941
X65.479 Y73.806
X67.886 Y74.189
X70.177 Y75.019
X72.443 Y75.915
X74.662 Y76.923
X76.831 Y78.034
X78.939 Y79.256
X80.981 Y80.586
X82.925 Y82.055
X84.562 Y83.709
X85.362 Y84.978
X85.447 Y85.236
X85.472 Y85.406
X85.438 Y85.574
X85.349 Y85.722
X85.215 Y85.83
X81.946 Y87.642
X81.861 Y87.703
G3 X81.311 Y87.705 I-0.276 J-0.417
G1 X81.141 Y87.593
X62.741 Y75.555
G3 X62.714 Y74.737 I0.274 J-0.418
G1 X66.587 Y72.032
X67.14 Y71.731
X68.492 Y71.082
X69.991 Y71.019
X72.373 Y71.531
X74.61 Y72.498
X76.824 Y73.517
X78.983 Y74.647
X81.086 Y75.879
X83.127 Y77.21
X85.081 Y78.667
X86.865 Y80.326
X88.3 Y82.096
X88.893 Y83.281
X88.943 Y83.442
X88.938 Y83.609
X88.88 Y83.766
X88.774 Y83.896
X88.632 Y83.985
X87.612 Y84.512
X86.505 Y85.114
X85.215 Y85.83
G3 X84.688 Y85.784 I-0.227 J-0.445
G1 X84.506 Y85.647
X67.094 Y72.561
G3 X67.14 Y71.731 I0.3 J-0.4
G1 X68.414 Y71.039
X72.12 Y69.219
X73.498 Y68.626
X74.997 Y68.644
X77.345 Y69.298
X79.516 Y70.406
X81.66 Y71.563
X83.747 Y72.822
X85.777 Y74.17
X87.715 Y75.647
X89.495 Y77.311
X91.084 Y79.159
X92.183 Y80.917
X92.685 Y82.331
X92.698 Y82.559
X92.679 Y82.731
X92.601 Y82.885
X92.476 Y83.004
X92.318 Y83.074
X88.967 Y83.896
X88.632 Y83.985
G3 X88.191 Y83.878 I-0.115 J-0.486
G1 X87.952 Y83.674
X72.03 Y70.04
G3 X72.12 Y69.219 I0.325 J-0.38
G1 X77.099 Y66.775
X77.432 Y66.611
X77.653 Y66.503
X78.082 Y66.323
X78.114 Y66.316
G0 Z0.
X77.074 Y67.034
G1 X77.653 Y66.503
X77.929 Y66.368
X78.068 Y66.325
X78.206 Y66.296
X78.946 Y66.176
X80.822 Y66.642
X83.004 Y67.727
X85.104 Y68.963
X87.157 Y70.276
X89.143 Y71.689
X91.027 Y73.234
X92.771 Y74.936
X94.33 Y76.81
X95.624 Y78.874
X96.339 Y80.676
X96.489 Y81.607
Y81.765
X96.44 Y81.915
X96.347 Y82.042
X96.219 Y82.134
X96.068 Y82.181
X95.911 Y82.204
X92.318 Y83.074
G3 X91.83 Y82.925 I-0.118 J-0.486
G1 X91.661 Y82.74
X77.616 Y67.34
G3 X77.748 Y66.563 I0.369 J-0.337
G1 X78.266 Y66.283
X83.739 Y65.116
X85.219 Y64.877
X87.168 Y65.564
X89.237 Y66.852
X91.226 Y68.261
X93.132 Y69.779
X94.924 Y71.431
X96.575 Y73.223
X98.056 Y75.158
X99.312 Y77.247
X100.178 Y79.524
X100.399 Y81.008
X100.372 Y81.346
X100.329 Y81.515
X100.23 Y81.658
X100.088 Y81.758
X99.92 Y81.804
X96.464 Y82.123
X96.068 Y82.181
G3 X95.614 Y81.986 I-0.055 J-0.497
G1 X95.452 Y81.772
X83.461 Y65.902
G3 X83.739 Y65.116 I0.399 J-0.301
G1 X88.718 Y64.054
X89.271 Y63.961
X90.763 Y63.799
X92.272 Y64.316
X94.353 Y65.584
X96.214 Y67.157
X97.992 Y68.824
X99.623 Y70.635
X101.11 Y72.565
X102.413 Y74.624
X103.463 Y76.823
X104.191 Y79.06
X104.351 Y80.705
X104.312 Y81.028
X104.256 Y81.205
X104.139 Y81.349
X103.978 Y81.441
X103.794 Y81.467
X103.657 Y81.461
X99.92 Y81.804
G3 X99.467 Y81.57 I-0.028 J-0.499
G1 X99.335 Y81.357
X88.948 Y64.715
G3 X89.271 Y63.961 I0.424 J-0.265
G1 X90.378 Y63.785
X90.931 Y63.717
X95.358 Y63.381
X96.857 Y63.342
X98.237 Y63.93
X100.21 Y65.361
X101.871 Y67.144
X103.441 Y69.008
X104.87 Y70.981
X106.139 Y73.062
X107.15 Y75.279
X107.923 Y77.59
X108.302 Y79.839
X108.223 Y81.346
X108.148 Y81.493
X108.028 Y81.608
X107.878 Y81.677
X107.713 Y81.693
X105.317 Y81.534
X103.794 Y81.467
G3 X103.385 Y81.19 I0.039 J-0.498
G1 X103.266 Y80.949
X94.964 Y64.099
G3 X95.358 Y63.381 I0.449 J-0.221
G1 X100.89 Y62.961
X102.39 Y62.922
X103.717 Y63.622
X105.55 Y65.227
X107.051 Y67.147
X108.46 Y69.135
X109.702 Y71.232
X110.712 Y73.45
X111.533 Y75.744
X112.094 Y78.116
X112.307 Y80.415
X112.165 Y81.539
X112.106 Y81.72
X111.982 Y81.866
X111.814 Y81.955
X111.624 Y81.974
X110.849 Y81.906
X107.713 Y81.693
G3 X107.297 Y81.375 I0.051 J-0.497
G1 X107.213 Y81.156
X100.479 Y63.637
G3 X100.89 Y62.961 I0.467 J-0.179
G1 X101.444 Y62.919
X101.997 Y62.892
X103.657 Y62.877
X106.423 Y63.02
X107.915 Y63.172
X109.218 Y63.915
X110.946 Y65.634
X112.267 Y67.682
X113.48 Y69.795
X114.452 Y72.03
X115.273 Y74.324
X115.873 Y76.686
X116.223 Y79.098
X116.239 Y81.164
X115.964 Y82.461
X115.904 Y82.614
X115.797 Y82.739
X115.656 Y82.823
X115.496 Y82.857
X115.333 Y82.837
X112.739 Y82.076
X111.624 Y81.974
G3 X111.207 Y81.619 I0.063 J-0.496
G1 X111.149 Y81.422
X105.935 Y63.66
G3 X106.423 Y63.02 I0.48 J-0.141
G1 X111.662 Y63.29
X113.154 Y63.443
X114.414 Y64.257
X115.939 Y65.983
X117.12 Y68.115
X118.083 Y70.354
X118.923 Y72.641
X119.579 Y74.988
X120.034 Y77.382
X120.26 Y79.809
X120.159 Y82.077
X119.771 Y83.525
X119.673 Y83.707
X119.568 Y83.84
X119.425 Y83.93
X119.259 Y83.968
X119.091 Y83.948
X115.333 Y82.837
G3 X115.001 Y82.464 I0.158 J-0.474
G1 X114.948 Y82.206
X111.164 Y63.892
G3 X111.662 Y63.29 I0.49 J-0.101
G1 X113.063 Y63.367
X114.722 Y63.492
X116.936 Y63.809
X118.408 Y64.096
X119.599 Y65.008
X120.827 Y66.672
X121.817 Y68.898
X122.649 Y71.189
X123.329 Y73.529
X123.835 Y75.913
X124.155 Y78.329
X124.253 Y80.764
X124.063 Y83.103
X123.587 Y84.649
X123.03 Y85.63
X122.915 Y85.767
X122.761 Y85.855
X122.585 Y85.883
X122.41 Y85.848
X122.259 Y85.754
X122.15 Y85.612
X122.056 Y85.428
X121.915 Y85.239
X121.554 Y84.875
X121.362 Y84.734
X121.085 Y84.586
X120.809 Y84.469
X119.702 Y84.129
X119.091 Y83.948
G3 X118.753 Y83.535 I0.158 J-0.474
G1 X118.726 Y83.314
X116.386 Y64.368
G3 X116.936 Y63.809 I0.496 J-0.061
G1 X121.915 Y64.525
X122.651 Y64.668
X123.967 Y65.389
X124.931 Y66.539
X126.048 Y68.704
X126.777 Y71.029
X127.409 Y73.383
X127.876 Y75.775
X128.167 Y78.194
X128.248 Y80.63
X128.086 Y83.061
X127.571 Y85.394
X126.764 Y87.131
X125.853 Y88.323
X124.639 Y89.204
X123.207 Y89.649
X122.968 Y89.64
X122.783 Y89.596
X122.628 Y89.487
X122.524 Y89.327
X122.488 Y89.14
Y87.089
X122.463 Y86.535
X122.416 Y86.259
X122.341 Y85.982
X122.15 Y85.612
X122.126 Y85.549
X122.11 Y85.484
X122.103 Y85.417
X122.082 Y84.834
X121.362 Y65.04
G3 X121.915 Y64.525 I0.5 J-0.018
G1 X124.128 Y64.847
X125.788 Y65.13
X126.895 Y65.472
X128.3 Y65.995
X129.337 Y67.08
X130.405 Y69.126
X131.04 Y71.479
X131.591 Y73.853
X131.98 Y76.258
X132.209 Y78.684
X132.254 Y81.121
X132.055 Y83.55
X131.552 Y85.934
X130.702 Y88.218
X129.515 Y90.15
X128.032 Y91.684
X126.572 Y92.651
X124.867 Y93.307
X123.383 Y93.53
X122.925 Y93.472
X122.754 Y93.418
X122.613 Y93.307
X122.52 Y93.153
X122.488 Y92.976
Y89.14
X122.494 Y89.077
X122.61 Y88.364
X126.267 Y65.873
X126.27 Y65.855
X126.274 Y65.837
X126.279 Y65.819
G3 X126.895 Y65.472 I0.482 J0.134
G1 X131.874 Y67.047
X132.577 Y67.309
X133.732 Y68.266
X134.577 Y69.73
X135.31 Y72.054
X135.748 Y74.451
X136.071 Y76.866
X136.242 Y79.297
X136.249 Y81.734
X136.011 Y84.159
X135.512 Y86.545
X134.748 Y88.859
X133.696 Y91.057
X132.326 Y93.072
X130.587 Y94.779
X128.561 Y96.133
X126.302 Y97.048
X124.265 Y97.444
X122.975 Y97.411
X122.788 Y97.37
X122.63 Y97.26
X122.525 Y97.1
X122.488 Y96.911
Y92.976
X122.496 Y92.903
X122.515 Y92.831
X122.722 Y92.228
X131.258 Y67.395
X131.267 Y67.367
G3 X131.874 Y67.047 I0.473 J0.163
G1 X135.747 Y68.273
X136.3 Y68.476
X137.676 Y69.074
X138.617 Y70.242
X139.444 Y72.323
X139.832 Y74.729
X140.12 Y77.149
X140.264 Y79.581
X140.245 Y82.018
X140.002 Y84.443
X139.545 Y86.837
X138.871 Y89.178
X137.975 Y91.444
X136.849 Y93.606
X135.438 Y95.593
X133.717 Y97.318
X131.795 Y98.816
X129.689 Y100.043
X127.41 Y100.904
X125.018 Y101.374
X123.219 Y101.408
X122.89 Y101.342
X122.73 Y101.28
X122.601 Y101.169
X122.517 Y101.02
X122.488 Y100.852
Y96.911
X122.495 Y96.844
X122.511 Y96.779
X122.535 Y96.716
X122.783 Y96.189
X135.666 Y68.794
X135.692 Y68.739
G3 X136.3 Y68.476 I0.452 J0.213
G1 X136.854 Y68.684
X138.514 Y69.401
X141.003 Y70.485
X141.675 Y70.819
X142.779 Y71.835
X143.446 Y73.223
X144.003 Y75.596
X144.186 Y78.026
X144.276 Y80.461
X144.204 Y82.897
X143.928 Y85.318
X143.447 Y87.707
X142.784 Y90.052
X141.933 Y92.335
X140.891 Y94.539
X139.644 Y96.632
X138.176 Y98.577
X136.415 Y100.262
X134.508 Y101.779
X132.449 Y103.082
X130.253 Y104.14
X127.945 Y104.92
X125.544 Y105.336
X123.408 Y105.407
X122.896 Y105.312
X122.735 Y105.251
X122.603 Y105.14
X122.518 Y104.99
X122.488 Y104.82
Y100.852
X122.498 Y100.769
X122.522 Y100.689
X122.558 Y100.613
X122.832 Y100.155
X140.349 Y70.764
X140.39 Y70.694
G3 X141.003 Y70.485 I0.429 J0.256
G1 X145.388 Y72.4
X145.47 Y72.459
X145.552 Y72.55
X145.595 Y72.624
X145.624 Y72.699
X145.643 Y72.837
Y91.516
X145.561 Y93.157
X144.976 Y95.29
X143.839 Y97.445
X142.528 Y99.499
X141.029 Y101.421
X139.246 Y103.081
X137.362 Y104.628
X135.347 Y105.997
X133.215 Y107.178
X130.98 Y108.15
X128.658 Y108.889
X126.25 Y109.266
X123.817 Y109.406
X122.923 Y109.288
X122.752 Y109.233
X122.612 Y109.122
X122.52 Y108.968
X122.488 Y108.792
Y104.82
G3 X122.73 Y104.409 I0.5 J0.017
G1 X122.977 Y104.261
X144.886 Y91.105
G3 X145.643 Y91.516 I0.257 J0.429
G1 Y99.818
X145.568 Y101.316
X144.856 Y102.841
X143.373 Y104.775
X141.545 Y106.386
X139.652 Y107.92
X137.629 Y109.28
X135.511 Y110.484
X133.302 Y111.514
X131.015 Y112.355
X128.658 Y112.975
X126.243 Y113.301
X123.809 Y113.407
X122.512 Y113.217
X122.33 Y113.152
X122.186 Y113.024
X122.102 Y112.85
X122.089 Y112.658
X122.15 Y112.475
X122.253 Y112.271
X122.362 Y111.994
X122.426 Y111.739
X122.471 Y111.441
X122.488 Y110.887
Y108.792
G3 X122.8 Y108.346 I0.5 J0.017
G1 X122.995 Y108.267
X144.956 Y99.372
G3 X145.643 Y99.818 I0.188 J0.463
G1 Y105.906
X145.605 Y106.655
X145.077 Y108.059
X143.76 Y109.728
X141.874 Y111.27
X139.838 Y112.61
X137.728 Y113.829
X135.536 Y114.893
X133.273 Y115.799
X130.948 Y116.528
X128.569 Y117.055
X126.148 Y117.336
X123.712 Y117.409
X122.099 Y117.186
X120.692 Y116.665
X119.5 Y115.755
X118.666 Y114.508
X118.625 Y114.346
X118.613 Y114.166
X118.666 Y113.994
X118.777 Y113.851
X118.931 Y113.757
X119.108 Y113.724
X120.006 Y113.713
X120.084 Y113.72
X120.783 Y113.826
X121.646 Y113.933
X122.511 Y114.013
X122.577 Y114.014
X122.642 Y114.006
X122.706 Y113.99
X142.837 Y107.352
X142.898 Y107.327
X142.956 Y107.295
X143.008 Y107.255
G2 X144.784 Y105.576 I-18.346 J-21.178
G3 X145.643 Y105.906 I0.359 J0.348
G1 Y110.887
X145.568 Y112.385
X144.808 Y113.678
X143.083 Y115.314
X140.994 Y116.57
X138.861 Y117.748
X136.653 Y118.778
X134.381 Y119.659
X132.05 Y120.372
X129.673 Y120.909
X127.259 Y121.243
X124.827 Y121.39
X122.392 Y121.301
X120.151 Y120.757
X118.251 Y119.826
X116.931 Y118.773
X115.719 Y117.274
X115.05 Y115.931
X114.776 Y114.457
X114.817 Y114.158
X114.873 Y113.989
X114.984 Y113.85
X115.137 Y113.759
X115.313 Y113.727
X119.108 Y113.724
X119.186 Y113.732
X119.881 Y113.858
X121.341 Y114.084
X122.808 Y114.258
X122.865 Y114.26
X122.922 Y114.256
X141.445 Y111.896
X141.501 Y111.886
X141.555 Y111.869
X143.258 Y111.198
X144.93 Y110.452
G3 X145.643 Y110.887 I0.214 J0.452
G1 Y115.868
X145.605 Y116.617
X145.087 Y118.025
X144.029 Y119.195
X142.042 Y120.606
X139.868 Y121.707
X137.645 Y122.706
X135.364 Y123.563
X133.026 Y124.251
X130.65 Y124.79
X128.24 Y125.15
X125.811 Y125.346
X123.374 Y125.356
X120.949 Y125.114
X118.596 Y124.479
X116.422 Y123.378
X114.457 Y121.937
X112.845 Y120.109
X111.706 Y118.215
X111.029 Y116.201
X110.87 Y114.71
X110.94 Y114.163
X110.995 Y113.992
X111.106 Y113.851
X111.26 Y113.759
X111.436 Y113.727
X115.313
X116.097 Y113.771
X145.126 Y115.384
X145.171 Y115.386
G3 X145.643 Y115.868 I-0.028 J0.499
G1 Y120.296
X145.568 Y121.794
X144.822 Y123.095
X143.338 Y124.373
X141.192 Y125.527
X138.955 Y126.496
X136.67 Y127.343
X134.334 Y128.037
X131.963 Y128.598
X129.56 Y129.006
X127.137 Y129.263
X124.702 Y129.366
X122.267 Y129.292
X119.847 Y129.004
X117.508 Y128.318
X115.291 Y127.307
X113.218 Y126.026
X111.316 Y124.503
X109.754 Y122.632
X108.446 Y120.576
X107.495 Y118.332
X106.961 Y116.061
X106.94 Y114.421
X107.001 Y114.125
X107.064 Y113.967
X107.175 Y113.839
X107.323 Y113.756
X107.491 Y113.727
X111.436
X111.507 Y113.735
X112.21 Y113.861
X145.127 Y119.802
X145.232 Y119.821
G3 X145.643 Y120.296 I-0.089 J0.492
G1 Y125.277
X145.605 Y126.026
X144.959 Y127.379
X143.874 Y128.415
X141.789 Y129.677
X139.518 Y130.561
X137.689 Y131.204
X137.577 Y131.217
X116.382
X114.884 Y131.142
X113.006 Y130.538
X110.902 Y129.309
X109.008 Y127.776
X107.33 Y126.009
X105.882 Y124.049
X104.636 Y121.954
X103.736 Y119.69
X103.143 Y117.326
X102.928 Y115.036
X103.037 Y114.165
X103.091 Y113.994
X103.202 Y113.852
X103.356 Y113.759
X103.533 Y113.727
X107.491
G3 X107.914 Y113.989 I-0.017 J0.5
G1 X108.039 Y114.222
X116.805 Y130.48
G3 X116.382 Y131.217 I-0.44 J0.237
G1 X109.19
X107.692 Y131.142
X106.336 Y130.433
X104.576 Y128.953
X103.093 Y127.018
X101.761 Y124.978
X100.635 Y122.817
X99.787 Y120.532
X99.236 Y118.158
X98.969 Y115.736
X99.045 Y114.136
X99.056 Y114.096
X99.123 Y113.948
X99.235 Y113.83
X99.378 Y113.753
X99.539 Y113.727
X103.533
G3 X103.989 Y114.064 I-0.017 J0.5
G1 X104.048 Y114.237
X109.645 Y130.555
G3 X109.19 Y131.217 I-0.473 J0.162
G1 X103.657
X102.908 Y131.18
X101.496 Y130.672
X100.231 Y129.629
X98.73 Y127.71
X97.551 Y125.577
X97.491 Y125.431
X97.475 Y125.362
X97.47 Y125.291
X97.487 Y125.294
X97.501 Y125.303
X98.073 Y125.791
X104.374 Y131.168
X104.406 Y131.186
X104.443 Y131.192
X104.479 Y131.183
X104.51 Y131.162
X104.531 Y131.13
X104.539 Y131.094
X104.532 Y131.057
X104.513 Y131.025
X104.483 Y131.002
X104.448 Y130.992
X104.41 Y130.996
X103.657 Y131.217
X98.677
X97.917 Y131.212
X97.847 Y131.197
X97.778 Y131.171
X97.674 Y131.106
X97.571 Y131.
X97.515 Y130.906
X97.483 Y130.811
X97.47 Y130.673
X97.472 Y114.208
X97.5 Y114.077
X97.529 Y114.012
X97.571 Y113.946
X97.674 Y113.838
X97.778 Y113.773
X97.847 Y113.747
X97.986 Y113.727
X99.539
X99.589 Y113.731
X99.639 Y113.741
X100.304 Y113.902
X145.129 Y124.776
X145.261 Y124.808
G3 X145.643 Y125.277 I-0.118 J0.486
G1 Y129.704
X145.612 Y130.322
X145.367 Y130.909
X145.291 Y131.035
X145.183 Y131.133
X145.051 Y131.195
X144.906 Y131.217
G3 X144.435 Y130.609 I0.017 J-0.5
G1 X144.655 Y129.614
G3 X145.643 Y129.704 I0.488 J0.108
G1 X145.641 Y130.742
X145.63 Y130.811
X145.584 Y130.935
X145.522 Y131.026
X145.434 Y131.112
X145.332 Y131.173
X145.213 Y131.21
X145.153 Y131.216
X137.577 Y131.217
G3 X137.094 Y130.7 I0.017 J-0.5
G0 Z100.
X64.994 Y128.972
Z0.
G1 X65.277 Y129.704
X65.48 Y132.137
X65.572 Y133.025
X65.673 Y133.578
X66.034 Y135.193
X66.16 Y135.932
X65.89 Y137.408
X65.088 Y138.675
X63.425 Y140.322
X61.364 Y141.623
X59.18 Y142.704
X56.854 Y143.431
X54.444 Y143.791
X52.012 Y143.937
X49.577 Y143.829
X47.168 Y143.459
X44.826 Y142.786
X43.188 Y142.014
X43.066 Y141.932
X42.972 Y141.818
X42.916 Y141.682
X41.862 Y137.453
X41.736 Y136.899
X41.62 Y136.29
G3 X42.096 Y135.715 I0.494 J-0.076
G1 X65.422 Y134.824
X65.531 Y134.819
G3 X66.034 Y135.193 I0.019 J0.5
G1 X67.034 Y139.666
X67.161 Y140.406
X66.83 Y141.869
X65.962 Y143.092
X64.158 Y144.635
X62.007 Y145.782
X59.771 Y146.75
X57.43 Y147.426
X55.013 Y147.742
X52.583 Y147.914
X50.146 Y147.869
X47.723 Y147.61
X45.335 Y147.125
X44.451 Y146.849
X44.3 Y146.772
X44.183 Y146.648
X44.115 Y146.493
X42.916 Y141.682
G3 X43.367 Y141.08 I0.489 J-0.104
G1 X66.423 Y139.301
X66.511 Y139.294
G3 X67.034 Y139.666 I0.038 J0.499
G1 X67.281 Y140.773
X67.496 Y141.569
X68.076 Y142.738
X68.382 Y143.423
X68.463 Y144.921
X67.841 Y146.286
X66.855 Y147.416
X64.875 Y148.837
X62.667 Y149.868
X60.402 Y150.768
X58.049 Y151.402
X55.629 Y151.69
X53.2 Y151.885
X50.763 Y151.89
X48.333 Y151.712
X46.585 Y151.447
X46.439 Y151.401
X46.315 Y151.315
X46.222 Y151.194
X44.591 Y148.245
X44.522 Y148.106
X44.115 Y146.493
G3 X44.5 Y145.9 I0.489 J-0.104
G1 X44.531 Y145.894
X67.389 Y142.511
X67.565 Y142.485
G3 X68.076 Y142.738 I0.073 J0.495
G1 X69.886 Y146.308
X70.192 Y146.993
X70.24 Y148.492
X69.595 Y149.846
X68.272 Y151.272
X66.268 Y152.658
X64.034 Y153.631
X61.768 Y154.529
X59.419 Y155.178
X57.014 Y155.571
X54.587 Y155.791
X52.153 Y155.905
X49.717 Y155.843
X49.007 Y155.779
X48.85 Y155.738
X48.715 Y155.65
X48.614 Y155.523
X46.222 Y151.194
G3 X46.572 Y150.477 I0.446 J-0.226
G1 X69.2 Y146.088
X69.353 Y146.058
G3 X69.886 Y146.308 I0.095 J0.491
G1 X70.728 Y147.968
X71.019 Y148.522
X71.566 Y149.464
X71.915 Y150.128
X72.126 Y151.613
X71.64 Y153.032
X70.581 Y154.356
X68.755 Y155.827
X66.572 Y156.91
X64.314 Y157.826
X62.016 Y158.638
X59.651 Y159.224
X57.24 Y159.58
X54.811 Y159.784
X52.377 Y159.899
X51.447 Y159.881
X51.301 Y159.857
X51.169 Y159.79
X51.062 Y159.688
X50.986 Y159.591
X50.619 Y159.037
X49.956 Y157.93
X49.333 Y156.823
X48.614 Y155.523
G3 X48.938 Y154.811 I0.446 J-0.226
G1 X70.867 Y149.287
X71.023 Y149.248
G3 X71.566 Y149.464 I0.122 J0.485
G1 X71.664 Y149.628
X73.649 Y152.396
X74.055 Y153.026
X74.38 Y154.491
X74.001 Y155.942
X73.011 Y157.361
X71.437 Y158.811
X69.33 Y160.036
X67.103 Y161.026
X64.828 Y161.899
X62.515 Y162.665
X60.141 Y163.217
X57.727 Y163.547
X55.299 Y163.759
X54.525 Y163.798
X54.366 Y163.78
X54.221 Y163.714
X54.105 Y163.605
X51.062 Y159.688
G3 X51.32 Y158.917 I0.405 J-0.293
G1 X72.934 Y152.276
X73.106 Y152.223
G3 X73.649 Y152.396 I0.147 J0.478
G1 X75.993 Y155.66
X76.401 Y156.29
X76.651 Y157.768
X76.223 Y159.206
X75.157 Y160.735
X73.564 Y162.201
X71.458 Y163.425
X69.25 Y164.458
X66.987 Y165.361
X64.687 Y166.167
X62.342 Y166.832
X59.952 Y167.303
X57.49 Y167.596
X57.327 Y167.582
X57.177 Y167.515
X57.056 Y167.404
X54.105 Y163.605
G3 X54.346 Y162.84 I0.405 J-0.293
G1 X75.28 Y155.548
X75.433 Y155.495
G3 X75.993 Y155.66 I0.164 J0.472
G1 X76.437 Y156.27
X76.546 Y156.395
X76.796 Y156.625
X78.206 Y157.732
X78.772 Y158.223
X79.088 Y158.904
X79.333 Y160.384
X78.948 Y161.833
X78.061 Y163.309
X76.489 Y164.967
X74.47 Y166.331
X72.312 Y167.462
X70.083 Y168.448
X67.809 Y169.325
X65.504 Y170.114
X63.153 Y170.755
X61.343 Y171.106
X61.208 Y171.114
X61.075 Y171.084
X60.955 Y171.02
X58.488 Y169.228
X58.408 Y169.144
X57.056 Y167.404
G3 X57.26 Y166.653 I0.405 J-0.293
G1 X77.469 Y157.784
X77.711 Y157.678
G3 X78.206 Y157.732 I0.201 J0.458
G1 X80.972 Y159.898
X81.539 Y160.389
X81.91 Y161.041
X82.282 Y162.495
X82.012 Y163.97
X81.309 Y165.424
X79.811 Y167.323
X77.924 Y168.865
X75.856 Y170.153
X73.68 Y171.251
X71.443 Y172.216
X69.167 Y173.087
X66.861 Y173.878
X65.673 Y174.209
X65.525 Y174.227
X65.378 Y174.201
X65.245 Y174.132
X60.955 Y171.02
G3 X61.027 Y170.184 I0.308 J-0.394
G1 X80.243 Y159.967
X80.443 Y159.861
G3 X80.972 Y159.898 I0.235 J0.441
G1 X82.079 Y160.753
X83.509 Y161.804
X83.739 Y161.958
X84.362 Y162.376
X84.807 Y162.979
X85.335 Y164.383
X85.217 Y165.878
X84.613 Y167.432
X83.259 Y169.459
X81.501 Y171.146
X79.548 Y172.603
X77.457 Y173.855
X75.267 Y174.924
X73.029 Y175.888
X70.755 Y176.763
X69.829 Y177.085
X69.684 Y177.112
X69.537 Y177.096
X69.402 Y177.038
X68.8 Y176.665
X68.247 Y176.309
X65.245 Y174.132
G3 X65.286 Y173.315 I0.308 J-0.394
G1 X83.018 Y162.123
X83.244 Y161.98
G3 X83.739 Y161.958 I0.267 J0.423
G1 X87.058 Y163.807
X87.694 Y164.205
X88.537 Y165.445
X88.682 Y166.938
X88.389 Y168.409
X87.355 Y170.616
X85.88 Y172.556
X84.08 Y174.199
X82.135 Y175.667
X80.071 Y176.962
X77.914 Y178.097
X75.695 Y179.104
X74.549 Y179.572
X74.41 Y179.607
X74.267 Y179.6
X74.132 Y179.554
X70.46 Y177.67
X69.827 Y177.301
X69.402 Y177.038
G3 X69.387 Y176.216 I0.278 J-0.416
G1 X86.346 Y163.985
X86.538 Y163.847
G3 X87.058 Y163.807 I0.292 J0.406
G1 X89.825 Y165.348
X90.378 Y165.639
X91.031 Y166.009
X91.876 Y167.248
X92.084 Y168.733
X91.697 Y170.651
X90.838 Y172.592
X89.394 Y174.555
X87.723 Y176.329
X85.857 Y177.896
X83.881 Y179.323
X81.801 Y180.592
X79.634 Y181.707
X79.163 Y181.921
X79.019 Y181.962
X78.869 Y181.959
X78.728 Y181.911
X74.132 Y179.554
G3 X74.058 Y178.732 I0.244 J-0.437
G1 X89.677 Y165.851
X89.851 Y165.708
G3 X90.378 Y165.639 I0.318 J0.386
G1 X90.456 Y165.678
X90.931 Y165.83
X93.144 Y166.386
X93.862 Y166.604
X94.463 Y167.052
X95.366 Y168.25
X95.654 Y169.723
X95.541 Y171.218
X94.87 Y173.43
X93.676 Y175.555
X92.181 Y177.478
X90.48 Y179.224
X88.622 Y180.8
X86.665 Y182.253
X84.616 Y183.572
X84.398 Y183.693
X84.285 Y183.739
X84.165 Y183.756
X84.045 Y183.743
X80.917 Y183.029
X78.728 Y181.911
G3 X78.611 Y181.128 I0.244 J-0.437
G1 X92.487 Y166.728
X92.68 Y166.528
G3 X93.144 Y166.386 I0.36 J0.347
G1 X96.941 Y167.339
X97.659 Y167.558
X98.772 Y168.562
X99.298 Y169.967
X99.376 Y171.465
X98.983 Y173.749
X98.061 Y176.005
X96.812 Y178.098
X95.281 Y179.994
X93.602 Y181.76
X91.781 Y183.379
X89.836 Y184.891
X89.714 Y184.953
X89.579 Y184.979
X89.442 Y184.967
X84.045 Y183.743
G3 X83.786 Y182.943 I0.128 J-0.483
G1 X96.299 Y167.695
X96.45 Y167.511
G3 X96.941 Y167.339 I0.387 J0.317
G1 X98.124 Y167.636
X99.231 Y167.796
X100.11 Y167.892
X100.852 Y168.004
X102.146 Y168.762
X102.907 Y170.055
X103.164 Y171.533
X103.061 Y173.669
X102.421 Y176.02
X101.429 Y178.246
X100.138 Y180.313
X98.627 Y182.225
X96.981 Y184.022
X95.212 Y185.698
X94.976 Y185.893
X94.864 Y185.964
X94.738 Y186.002
X94.605 Y186.006
X94.251 Y185.969
X92.591 Y185.677
X89.442 Y184.967
G3 X89.151 Y184.211 I0.128 J-0.483
G1 X99.519 Y168.333
X99.66 Y168.118
G3 X100.11 Y167.892 I0.419 J0.273
G1 X103.657 Y168.245
X104.399 Y168.356
X105.746 Y169.015
X106.606 Y170.244
X107.007 Y171.903
X107.044 Y173.738
X106.564 Y176.128
X105.761 Y178.428
X104.705 Y180.624
X103.374 Y182.666
X101.865 Y184.579
X100.328 Y186.295
X100.209 Y186.392
X100.066 Y186.449
X99.913 Y186.46
X94.605 Y186.006
G3 X94.233 Y185.275 I0.069 J-0.495
G1 X103.083 Y168.696
X103.184 Y168.508
G3 X103.657 Y168.245 I0.441 J0.235
G1 X106.423 Y168.52
X106.977 Y168.548
X107.281 Y168.525
X108.031 Y168.506
X109.41 Y169.095
X110.347 Y170.266
X110.848 Y171.844
X111.005 Y173.597
X110.694 Y176.014
X110.048 Y178.364
X109.17 Y180.638
X108.08 Y182.817
X106.724 Y184.841
X105.302 Y186.687
X105.18 Y186.799
X105.029 Y186.866
X104.863 Y186.88
X99.913 Y186.46
G3 X99.514 Y185.764 I0.06 J-0.496
G1 X106.774 Y169.062
X106.877 Y168.823
G3 X107.281 Y168.525 I0.459 J0.199
G1 X108.132 Y168.446
X110.849 Y168.172
X111.599 Y168.134
X113.007 Y168.651
X114.018 Y169.759
X114.641 Y171.28
X114.942 Y173.024
X114.83 Y175.458
X114.368 Y177.851
X113.664 Y180.184
X112.754 Y182.445
X111.649 Y184.617
X110.298 Y186.702
X110.197 Y186.803
X110.071 Y186.872
X109.931 Y186.902
X107.53 Y187.068
X106.977 Y187.055
X104.863 Y186.88
G3 X104.449 Y186.223 I0.06 J-0.496
G1 X110.369 Y168.726
X110.443 Y168.507
G3 X110.849 Y168.172 I0.474 J0.16
G1 X114.722 Y167.782
X115.472 Y167.744
X116.864 Y168.302
X117.87 Y169.415
X118.54 Y170.986
X118.919 Y172.999
X118.841 Y175.434
X118.457 Y177.841
X117.855 Y180.202
X117.063 Y182.507
X116.099 Y184.745
X115.286 Y186.294
X115.183 Y186.429
X115.042 Y186.521
X114.878 Y186.561
X109.931 Y186.902
G3 X109.431 Y186.272 I-0.017 J-0.5
G1 X114.255 Y168.339
X114.307 Y168.147
G3 X114.722 Y167.782 I0.483 J0.13
G1 X118.595 Y167.391
X119.344 Y167.354
X120.732 Y167.923
X121.744 Y169.031
X122.5 Y170.754
X122.906 Y172.799
X122.854 Y175.235
X122.552 Y177.654
X122.042 Y180.036
X121.357 Y182.375
X120.513 Y184.661
X119.94 Y185.946
X119.839 Y186.094
X119.692 Y186.197
X119.518 Y186.241
X114.878 Y186.561
G3 X114.371 Y185.959 I-0.017 J-0.5
G1 X118.139 Y167.952
X118.174 Y167.784
G3 X118.595 Y167.391 I0.489 J0.102
G1 X122.468 Y167.001
X123.217 Y166.963
X124.607 Y167.527
X125.636 Y168.619
X126.442 Y170.369
X126.88 Y172.383
X126.871 Y174.82
X126.647 Y177.246
X126.232 Y179.648
X125.649 Y182.014
X124.917 Y184.338
X124.435 Y185.596
X124.34 Y185.751
X124.196 Y185.862
X124.021 Y185.914
X123.575 Y185.961
X119.518 Y186.241
G3 X119.008 Y185.659 I-0.017 J-0.5
G1 X122.018 Y167.562
X122.043 Y167.414
G3 X122.468 Y167.001 I0.493 J0.082
G1 X125.235 Y166.714
X125.788 Y166.631
X126.092 Y166.53
X126.454 Y166.43
X127.937 Y166.658
X129.121 Y167.578
X129.93 Y168.841
X130.618 Y170.775
X130.921 Y173.193
X130.837 Y175.628
X130.585 Y178.052
X130.149 Y180.45
X129.572 Y182.817
X129.043 Y184.549
X128.965 Y184.702
X128.841 Y184.82
X128.684 Y184.889
X125.78 Y185.603
X124.128 Y185.903
X124.021 Y185.914
G3 X123.49 Y185.354 I-0.035 J-0.499
G1 X125.74 Y167.175
X125.77 Y166.938
G3 X126.092 Y166.53 I0.496 J0.061
G1 X126.341 Y166.448
X129.108 Y165.394
X129.821 Y165.162
X131.312 Y165.33
X132.561 Y166.16
X133.572 Y167.556
X134.326 Y169.295
X134.79 Y171.688
X134.924 Y174.121
X134.78 Y176.554
X134.505 Y178.975
X134.043 Y181.368
X133.544 Y183.412
X133.47 Y183.577
X133.343 Y183.704
X133.178 Y183.779
X128.684 Y184.889
G3 X128.082 Y184.38 I-0.103 J-0.489
G1 X128.794 Y166.054
X128.802 Y165.835
G3 X129.108 Y165.394 I0.5 J0.019
G1 X132.428 Y164.128
X133.141 Y163.896
X134.641 Y163.92
X135.955 Y164.643
X137.031 Y165.901
X137.882 Y167.496
X138.538 Y169.843
X138.856 Y172.259
X138.93 Y174.695
X138.746 Y177.125
X138.465 Y179.546
X138.007 Y181.939
X137.915 Y182.329
X137.841 Y182.495
X137.713 Y182.625
X137.548 Y182.699
X133.178 Y183.779
G3 X132.575 Y183.302 I-0.103 J-0.489
G1 X132.126 Y164.788
X132.122 Y164.601
G3 X132.428 Y164.128 I0.5 J-0.012
G1 X136.3 Y162.652
X137.014 Y162.42
X138.503 Y162.598
X139.577 Y163.3
X139.698 Y163.412
X139.776 Y163.556
X139.803 Y163.719
G3 X139.201 Y164.19 I-0.5 J-0.017
G1 X136.392 Y163.602
G3 X136.3 Y162.652 I0.103 J-0.489
G1 X139.136 Y161.571
X139.274 Y161.547
X139.413 Y161.561
X139.482 Y161.584
X139.551 Y161.618
X139.656 Y161.703
X139.731 Y161.804
X139.766 Y161.874
X139.788 Y161.943
X139.803 Y162.081
X139.802 Y181.779
X139.784 Y181.879
X139.743 Y181.98
X139.671 Y182.081
X139.572 Y182.168
X139.477 Y182.218
X137.548 Y182.699
G3 X136.956 Y182.313 I-0.103 J-0.489
G0 Z100.
X235.87 Y105.403
Z0.6
G3 X236.728 Y107.957 Z0.5 I-1.436 J1.903 F1000.
X234.657 Y109.678 Z0.4 I-2.291 J-0.651
X232.306 Y108.369 Z0.3 I-0.22 J-2.37
X232.677 Y105.706 Z0.2 I2.129 J-1.061
X235.292 Y105.091 Z0.1 I1.757 J1.601
X236.809 Y107.306 Z0. I-0.858 J2.215
X232.059 I-2.375 J0.
X236.809 I2.375 J0.
G1 X237.156 Y109.718
X237.251 Y110.32
X237.138 Y111.061
X236.797 Y111.729
X235.779 Y112.831
X234.362 Y113.323
X232.863 Y113.264
X231.449 Y112.763
X230.216 Y111.909
X229.233 Y110.776
X228.554 Y109.438
X228.214 Y107.977
X228.232 Y106.478
X228.607 Y105.025
X229.318 Y103.704
X230.322 Y102.59
X231.562 Y101.747
X232.968 Y101.223
X234.458 Y101.049
X235.946 Y101.234
X237.348 Y101.768
X238.582 Y102.621
X239.578 Y103.743
X240.278 Y105.069
X240.909 Y107.423
X241.21 Y109.841
X241.087 Y111.336
X240.639 Y112.768
X239.686 Y114.411
X238.67 Y115.515
X237.137 Y116.504
X235.731 Y117.026
X233.821 Y117.271
X231.927 Y117.101
X230.176 Y116.545
X228.326 Y115.473
X226.711 Y113.991
X225.44 Y112.175
X224.587 Y110.116
X224.198 Y107.922
X224.29 Y105.73
X224.845 Y103.643
X225.859 Y101.683
X227.293 Y99.963
X229.065 Y98.593
X231.091 Y97.638
X233.274 Y97.143
X235.513 Y97.131
X237.703 Y97.603
X239.742 Y98.537
X241.512 Y99.876
X242.928 Y101.536
X243.991 Y103.539
X244.642 Y105.887
X245.068 Y108.286
X245.192 Y110.64
X244.807 Y112.955
X243.898 Y115.216
X242.596 Y117.22
X240.959 Y118.831
X238.893 Y120.124
X236.733 Y120.917
X234.317 Y121.243
X231.883 Y121.131
X229.514 Y120.56
X227.3 Y119.541
X225.283 Y118.174
X223.533 Y116.478
X222.166 Y114.461
X221.123 Y112.258
X220.451 Y109.916
X220.162 Y107.496
X220.32 Y105.157
X220.344 Y105.035
X220.398 Y104.922
X220.479 Y104.825
X221.695 Y103.692
X222.059 Y103.341
X222.23 Y103.139
X222.404 Y102.862
X222.613 Y102.473
X223.962 Y99.818
X224.192 Y99.265
X224.272 Y98.932
X224.626 Y97.475
X225.795 Y96.154
X227.755 Y94.73
X229.989 Y93.757
X232.373 Y93.252
X234.806 Y93.114
X237.23 Y93.37
X239.582 Y94.007
X241.77 Y95.079
X243.728 Y96.531
X245.435 Y98.27
X246.83 Y100.268
X247.894 Y102.46
X248.487 Y104.824
X248.583 Y105.355
X248.58 Y105.43
X248.566 Y105.505
X247.357 Y109.988
X247.329 Y110.057
X244.799 Y114.975
X241.424 Y119.238
X241.355 Y119.31
X235.338 Y123.997
X234.11 Y124.859
X232.517 Y125.071
X230.089 Y124.863
X227.744 Y124.2
X225.555 Y123.129
X223.504 Y121.813
X221.636 Y120.248
X219.984 Y118.457
X218.666 Y116.407
X217.619 Y114.206
X216.839 Y111.898
X216.342 Y109.512
X216.295 Y108.972
X216.305 Y108.82
X216.36 Y108.679
X216.455 Y108.56
X218.74 Y106.445
X220.479 Y104.825
G3 X221.184 Y104.875 I0.328 J0.378
G1 X221.202 Y104.898
X235.401 Y123.293
X235.413 Y123.308
G3 X235.338 Y123.997 I-0.396 J0.306
G1 X232.018 Y126.583
X231.553 Y126.937
X230.437 Y127.491
X229.061 Y128.088
X227.561 Y128.099
X225.331 Y127.508
X223.165 Y126.389
X221.137 Y125.038
X219.263 Y123.481
X217.555 Y121.743
X216.064 Y119.815
X214.823 Y117.718
X213.813 Y115.5
X213.056 Y113.184
X212.621 Y111.262
X212.612 Y111.102
X212.653 Y110.946
X212.742 Y110.812
X212.869 Y110.713
X215.581 Y109.227
X215.973 Y108.982
X216.455 Y108.56
G3 X217.16 Y108.615 I0.325 J0.38
G1 X217.182 Y108.642
X230.601 Y126.753
G3 X230.437 Y127.491 I-0.402 J0.298
G1 X225.379 Y129.995
X224.691 Y130.294
X223.194 Y130.382
X221.663 Y129.954
X219.514 Y128.806
X217.59 Y127.309
X215.78 Y125.678
X214.12 Y123.894
X212.661 Y121.942
X211.432 Y119.837
X210.383 Y117.638
X209.54 Y115.351
X208.973 Y113.287
X208.957 Y113.122
X208.995 Y112.96
X209.085 Y112.819
X209.215 Y112.716
X212.869 Y110.713
G3 X213.512 Y110.886 I0.225 J0.447
G1 X213.543 Y110.933
X225.56 Y129.281
X225.567 Y129.293
X225.575 Y129.305
X225.582 Y129.318
G3 X225.379 Y129.995 I-0.44 J0.237
G1 X221.506 Y131.913
X220.13 Y132.51
X218.631 Y132.448
X216.955 Y131.753
X214.959 Y130.355
X213.169 Y128.702
X211.484 Y126.942
X209.964 Y125.037
X208.623 Y123.002
X207.465 Y120.858
X206.459 Y118.638
X205.648 Y116.34
X205.322 Y115.115
X205.307 Y114.938
X205.355 Y114.768
X205.459 Y114.625
X205.607 Y114.527
X206.567 Y114.109
X208.514 Y113.101
X209.215 Y112.716
G3 X209.86 Y112.892 I0.225 J0.447
G1 X209.889 Y112.937
X221.689 Y131.201
X221.699 Y131.218
X221.709 Y131.235
G3 X221.506 Y131.913 I-0.44 J0.237
G1 X219.248 Y133.025
X218.106 Y133.578
X217.08 Y134.042
X216.381 Y134.313
X214.883 Y134.406
X213.459 Y133.935
X211.419 Y132.602
X209.7 Y130.874
X208.043 Y129.088
X206.55 Y127.162
X205.23 Y125.114
X204.06 Y122.975
X203.027 Y120.768
X202.154 Y118.493
X201.619 Y116.729
X201.598 Y116.549
X201.644 Y116.373
X201.749 Y116.225
X201.899 Y116.125
X205.607 Y114.527
G3 X206.218 Y114.737 I0.182 J0.466
G1 X206.26 Y114.808
X217.29 Y133.337
X217.296 Y133.349
X217.303 Y133.361
X217.309 Y133.373
G3 X217.08 Y134.042 I-0.449 J0.22
G1 X213.207 Y135.773
X211.808 Y136.315
X210.315 Y136.172
X208.908 Y135.456
X207.026 Y133.908
X205.39 Y132.102
X203.844 Y130.218
X202.454 Y128.216
X201.205 Y126.124
X200.086 Y123.959
X199.091 Y121.735
X198.243 Y119.45
X197.924 Y118.309
X197.908 Y118.131
X197.955 Y117.959
X198.059 Y117.814
X198.208 Y117.715
X201.899 Y116.125
G3 X202.513 Y116.339 I0.182 J0.466
G1 X202.552 Y116.406
X213.419 Y135.072
X213.428 Y135.088
X213.436 Y135.104
G3 X213.207 Y135.773 I-0.449 J0.22
G1 X208.78 Y137.753
X208.097 Y138.061
X206.599 Y137.978
X205.229 Y137.367
X203.32 Y135.852
X201.755 Y133.985
X200.235 Y132.08
X198.873 Y130.059
X197.645 Y127.954
X196.53 Y125.787
X195.527 Y123.566
X194.655 Y121.291
X194.275 Y120.046
X194.253 Y119.874
X194.292 Y119.706
X194.386 Y119.56
X194.523 Y119.456
X195.502 Y118.951
X197.357 Y118.082
X198.208 Y117.715
G3 X198.832 Y117.947 I0.182 J0.466
G1 X198.858 Y117.998
X208.949 Y137.066
X208.963 Y137.092
G3 X208.78 Y137.753 I-0.442 J0.234
G1 X207.121 Y138.684
X205.461 Y139.657
X204.796 Y140.004
X203.297 Y140.062
X201.892 Y139.536
X200.325 Y138.408
X198.702 Y136.59
X197.193 Y134.677
X195.805 Y132.674
X194.543 Y130.589
X193.389 Y128.443
X192.337 Y126.245
X191.394 Y123.997
X190.664 Y121.94
X190.635 Y121.764
X190.67 Y121.589
X190.764 Y121.437
X190.905 Y121.328
X194.523 Y119.456
G3 X195.177 Y119.67 I0.214 J0.452
G1 X195.19 Y119.693
X205.615 Y138.966
X205.632 Y138.997
G3 X205.461 Y139.657 I-0.44 J0.238
G1 X202.141 Y141.609
X201.476 Y141.957
X199.99 Y142.161
X198.557 Y141.719
X196.871 Y140.514
X195.242 Y138.702
X193.757 Y136.77
X192.385 Y134.756
X191.127 Y132.669
X189.966 Y130.526
X188.9 Y128.335
X187.933 Y126.098
X187.077 Y123.816
X187.059 Y123.729
X187.053 Y123.568
X187.098 Y123.413
X187.19 Y123.28
X187.319 Y123.184
X190.905 Y121.328
G3 X191.556 Y121.538 I0.214 J0.452
G1 X191.572 Y121.565
X202.295 Y140.918
X202.31 Y140.945
G3 X202.141 Y141.609 I-0.437 J0.242
G1 X201.035 Y142.262
X200.764 Y142.434
X200.481 Y142.662
X199.594 Y143.541
X199.038 Y144.044
X197.648 Y144.609
X196.161 Y144.415
X194.812 Y143.759
X192.942 Y142.196
X191.412 Y140.299
X189.967 Y138.337
X188.628 Y136.301
X187.391 Y134.201
X186.246 Y132.05
X185.193 Y129.853
X184.231 Y127.614
X183.61 Y125.961
X183.579 Y125.813
X183.593 Y125.663
X183.651 Y125.525
X183.748 Y125.409
X184.759 Y124.522
X184.874 Y124.45
X187.319 Y123.184
G3 X187.963 Y123.379 I0.214 J0.452
G1 X187.987 Y123.42
X199.585 Y142.822
X199.657 Y142.943
G3 X199.594 Y143.541 I-0.429 J0.257
G1 X196.827 Y146.308
X196.271 Y146.811
X194.861 Y147.324
X193.374 Y147.123
X191.659 Y146.262
X189.916 Y144.844
X188.403 Y142.934
X186.943 Y140.982
X185.584 Y138.96
X184.318 Y136.877
X183.141 Y134.743
X182.049 Y132.565
X181.042 Y130.346
X180.409 Y128.788
X180.374 Y128.639
X180.386 Y128.485
X180.444 Y128.343
X180.543 Y128.225
X183.748 Y125.409
G3 X184.491 Y125.534 I0.317 J0.387
G1 X196.817 Y145.59
X196.887 Y145.705
G3 X196.827 Y146.308 I-0.426 J0.262
G1 X196.055 Y147.079
X195.502 Y147.672
X195.301 Y147.968
X195.085 Y148.522
X194.814 Y149.221
X194.245 Y149.71
X192.871 Y150.311
X191.373 Y150.23
X189.954 Y149.716
X188.007 Y148.48
X186.28 Y146.761
X184.813 Y144.815
X183.361 Y142.857
X182.021 Y140.822
X180.768 Y138.732
X179.596 Y136.595
X178.503 Y134.417
X177.49 Y132.201
X177.234 Y131.581
X177.198 Y131.43
X177.209 Y131.276
X177.267 Y131.133
X177.366 Y131.014
X180.543 Y128.225
G3 X181.246 Y128.295 I0.317 J0.387
G1 X181.27 Y128.326
X194.812 Y147.819
X195.013 Y148.108
G3 X195.085 Y148.522 I-0.411 J0.285
G1 X194.395 Y150.818
X194.256 Y151.289
X194.009 Y151.997
X193.572 Y152.606
X192.411 Y153.556
X190.937 Y153.834
X189.45 Y153.636
X187.303 Y152.806
X185.273 Y151.457
X183.58 Y149.704
X182.044 Y147.812
X180.602 Y145.848
X179.211 Y143.847
X177.922 Y141.779
X176.708 Y139.666
X175.57 Y137.511
X174.506 Y135.318
X174.364 Y134.998
X174.324 Y134.851
X174.33 Y134.698
X174.383 Y134.555
X175.351 Y132.803
X175.401 Y132.742
X177.366 Y131.014
G3 X178.071 Y131.086 I0.317 J0.387
G1 X193.959 Y150.602
X194.16 Y150.849
G3 X194.256 Y151.289 I-0.388 J0.316
G1 X193.442 Y154.056
X193.381 Y154.333
X193.339 Y154.609
X193.226 Y155.351
X192.851 Y156.001
X191.759 Y157.029
X190.32 Y157.452
X188.821 Y157.41
X186.628 Y156.856
X184.449 Y155.763
X182.459 Y154.357
X180.8 Y152.572
X179.232 Y150.706
X177.77 Y148.757
X176.365 Y146.766
X175.034 Y144.724
X173.79 Y142.629
X172.614 Y140.495
X172.015 Y139.318
X171.966 Y139.165
X171.969 Y139.003
X172.023 Y138.851
X174.383 Y134.555
G3 X175.182 Y134.474 I0.43 J0.256
G1 X192.906 Y153.974
X193.21 Y154.309
G3 X193.339 Y154.609 I-0.37 J0.336
G1 X193.359 Y155.163
X193.49 Y155.716
X193.842 Y156.969
X194.01 Y157.7
X193.912 Y158.444
X193.293 Y159.81
X192.129 Y160.756
X190.7 Y161.213
X189.12 Y161.355
X186.703 Y161.043
X184.395 Y160.262
X182.243 Y159.119
X180.262 Y157.699
X178.505 Y156.011
X176.909 Y154.169
X175.386 Y152.267
X173.953 Y150.296
X172.57 Y148.289
X171.263 Y146.232
X170.077 Y144.195
X170.032 Y144.092
X170.011 Y143.982
X170.015 Y143.869
X170.299 Y142.019
X170.359 Y141.88
X172.023 Y138.851
G3 X172.779 Y138.728 I0.43 J0.256
G1 X193.305 Y156.41
X193.692 Y156.744
G3 X193.842 Y156.969 I-0.326 J0.379
G1 X194.909 Y160.697
X195.105 Y161.421
X194.759 Y162.881
X193.739 Y163.98
X192.431 Y164.714
X190.555 Y165.211
X188.12 Y165.312
X185.712 Y164.936
X183.406 Y164.149
X181.198 Y163.116
X179.124 Y161.838
X177.193 Y160.351
X175.469 Y158.629
X173.881 Y156.78
X172.354 Y154.881
X170.911 Y152.918
X169.52 Y150.916
X169.16 Y150.359
X169.107 Y150.251
X169.082 Y150.133
X169.085 Y150.013
X170.015 Y143.869
G3 X170.795 Y143.553 I0.491 J0.092
G1 X194.334 Y160.182
X194.728 Y160.46
G3 X194.909 Y160.697 I-0.289 J0.408
G1 X194.948 Y160.819
X195.153 Y161.251
X195.299 Y161.487
X195.502 Y161.724
X196.055 Y162.257
X196.573 Y162.799
X196.871 Y163.488
X197.04 Y164.978
X196.442 Y166.354
X195.386 Y167.419
X193.922 Y168.309
X191.844 Y169.018
X189.422 Y169.288
X186.986 Y169.228
X184.587 Y168.799
X182.288 Y167.99
X180.057 Y167.009
X177.93 Y165.821
X175.918 Y164.446
X174.034 Y162.9
X172.341 Y161.147
X170.766 Y159.287
X169.289 Y157.453
X169.237 Y157.373
X169.2 Y157.284
X169.181 Y157.19
X168.711 Y152.534
X168.725 Y152.396
X169.085 Y150.013
G3 X169.793 Y149.654 I0.491 J0.092
G1 X195.356 Y161.901
X195.94 Y162.18
X196. Y162.215
X196.055 Y162.257
X198.498 Y164.572
X199.016 Y165.114
X199.365 Y165.778
X199.662 Y167.248
X199.212 Y168.679
X198.351 Y169.907
X196.847 Y171.185
X194.693 Y172.325
X192.36 Y173.029
X189.933 Y173.246
X187.496 Y173.253
X185.075 Y172.974
X182.703 Y172.417
X180.421 Y171.561
X178.2 Y170.558
X176.075 Y169.366
X174.045 Y168.017
X172.123 Y166.519
X171.656 Y166.085
X171.603 Y166.029
X171.56 Y165.964
X171.528 Y165.894
X169.529 Y160.548
X169.425 Y159.591
X169.181 Y157.19
G3 X169.812 Y156.675 I0.499 J-0.033
G1 X197.761 Y164.317
X198.298 Y164.464
X198.37 Y164.49
X198.437 Y164.526
X198.498 Y164.572
X199.666 Y165.678
X199.928 Y165.914
X200.186 Y166.091
X200.481 Y166.247
X200.786 Y166.369
X201.467 Y166.682
X201.966 Y167.242
X202.624 Y168.59
X202.526 Y170.087
X201.957 Y171.475
X200.712 Y173.121
X199.036 Y174.549
X196.883 Y175.692
X194.605 Y176.558
X192.23 Y177.102
X189.798 Y177.263
X187.361 Y177.25
X184.939 Y176.988
X182.55 Y176.503
X180.222 Y175.783
X177.968 Y174.858
X177.335 Y174.554
X177.265 Y174.504
X176.65 Y173.98
X176.584 Y173.911
X172.423 Y168.169
X172.331 Y168.031
X171.528 Y165.894
G3 X172.021 Y165.236 I0.474 J-0.159
G1 X200.004 Y166.315
X200.635 Y166.34
X200.712 Y166.349
X200.786 Y166.369
X203.801 Y167.543
X204.486 Y167.849
X205.053 Y168.339
X205.883 Y169.589
X206.013 Y171.083
X205.696 Y172.549
X204.702 Y174.49
X203.149 Y176.369
X201.253 Y177.899
X199.101 Y179.044
X196.859 Y179.997
X194.528 Y180.707
X192.133 Y181.159
X189.699 Y181.269
X187.262 Y181.248
X186.896 Y181.207
X186.775 Y181.161
X182.223 Y178.718
X180.549 Y177.301
X177.265 Y174.504
G3 X177.488 Y173.648 I0.337 J-0.369
G1 X203.033 Y167.643
X203.522 Y167.528
G3 X203.801 Y167.543 I0.114 J0.487
G1 X207.121 Y168.829
X207.425 Y168.918
X208.133 Y169.165
X209.178 Y170.241
X209.569 Y171.689
X209.487 Y173.187
X208.807 Y175.278
X207.57 Y177.378
X205.97 Y179.216
X204.084 Y180.758
X202.019 Y182.053
X199.82 Y183.104
X197.554 Y183.999
X195.753 Y184.517
X195.656 Y184.534
X195.557 Y184.533
X195.461 Y184.512
X189.278 Y182.502
X186.775 Y181.161
G3 X186.782 Y180.292 I0.251 J-0.432
G1 X206.703 Y169.164
X207.058 Y168.966
G3 X207.425 Y168.918 I0.244 J0.437
G1 X207.708 Y168.999
X210.44 Y169.294
X211.181 Y169.409
X211.815 Y169.811
X212.819 Y170.925
X213.267 Y172.357
X213.246 Y174.001
X212.748 Y176.127
X211.692 Y178.323
X210.342 Y180.352
X208.702 Y182.155
X206.812 Y183.693
X204.79 Y185.052
X203.093 Y185.967
X202.99 Y186.009
X202.881 Y186.026
X202.77 Y186.02
X197.715 Y185.141
X197.28 Y185.049
X195.461 Y184.512
G3 X195.284 Y183.682 I0.171 J-0.47
G1 X209.794 Y169.687
X210.058 Y169.433
G3 X210.44 Y169.294 I0.347 J0.36
G1 X213.76 Y169.642
X214.501 Y169.758
X215.188 Y170.059
X216.341 Y171.018
X216.934 Y172.396
X217.113 Y173.885
X216.872 Y176.174
X216.099 Y178.486
X214.988 Y180.654
X213.602 Y182.659
X211.995 Y184.491
X210.19 Y186.128
X209.472 Y186.661
X209.372 Y186.718
X209.262 Y186.752
X209.147 Y186.759
X207.121 Y186.649
X206.567 Y186.61
X204.907 Y186.387
X202.77 Y186.02
G3 X202.465 Y185.242 I0.103 J-0.489
G1 X213.16 Y170.075
X213.317 Y169.853
G3 X213.76 Y169.642 I0.409 J0.288
G1 X215.973 Y169.875
X216.526 Y169.921
X217.08 Y169.936
X217.384 Y169.916
X218.134 Y169.905
X218.827 Y170.191
X220.008 Y171.116
X220.697 Y172.448
X220.993 Y174.232
X220.872 Y176.493
X220.22 Y178.841
X219.292 Y181.094
X218.115 Y183.228
X216.693 Y185.207
X215.236 Y186.861
X215.128 Y186.954
X214.998 Y187.012
X214.857 Y187.031
X214.313 Y187.027
X213.76 Y187.007
X209.147 Y186.759
G3 X208.748 Y186.03 I0.044 J-0.498
G1 X216.857 Y170.44
X216.99 Y170.183
G3 X217.384 Y169.916 I0.444 J0.231
G1 X220.953 Y169.665
X221.703 Y169.649
X222.41 Y169.898
X223.644 Y170.751
X224.402 Y172.045
X224.817 Y173.546
X224.942 Y175.971
X224.54 Y178.374
X223.815 Y180.701
X222.851 Y182.939
X221.667 Y185.069
X220.663 Y186.529
X220.561 Y186.638
X220.431 Y186.712
X220.285 Y186.745
X215.973 Y187.038
X214.857 Y187.031
G3 X214.41 Y186.356 I0.021 J-0.5
G1 X220.456 Y170.204
X220.537 Y169.987
G3 X220.953 Y169.665 I0.468 J0.175
G1 X223.166 Y169.508
X224.826 Y169.328
X225.571 Y169.246
X226.95 Y169.835
X227.909 Y170.989
X228.497 Y172.368
X228.928 Y174.767
X228.836 Y177.202
X228.378 Y179.596
X227.621 Y181.912
X226.685 Y184.162
X225.654 Y186.139
X225.552 Y186.274
X225.41 Y186.367
X225.245 Y186.407
X220.285 Y186.745
G3 X219.787 Y186.109 I-0.017 J-0.5
G1 X224.378 Y169.91
X224.443 Y169.682
G3 X224.826 Y169.328 I0.481 J0.136
G1 X225.379 Y169.237
X228.145 Y168.665
X228.887 Y168.55
X230.335 Y168.941
X231.443 Y169.952
X232.199 Y171.389
X232.796 Y173.576
X232.916 Y176.01
X232.71 Y178.438
X232.208 Y180.823
X231.426 Y183.131
X230.511 Y185.389
X230.3 Y185.815
X230.197 Y185.954
X230.054 Y186.05
X229.886 Y186.092
X225.245 Y186.407
G3 X224.736 Y185.818 I-0.017 J-0.5
G1 X227.734 Y169.268
X227.772 Y169.062
G3 X228.145 Y168.665 I0.492 J0.089
G1 X231.886 Y167.892
X232.628 Y167.777
X234.075 Y168.172
X235.198 Y169.167
X236.131 Y170.843
X236.715 Y172.799
X236.893 Y175.229
X236.811 Y177.665
X236.48 Y180.079
X235.916 Y182.45
X235.094 Y184.744
X234.993 Y184.993
X234.913 Y185.125
X234.797 Y185.227
X234.656 Y185.288
X232.157 Y185.935
X229.886 Y186.092
G3 X229.373 Y185.53 I-0.016 J-0.5
G1 X231.486 Y168.496
X231.508 Y168.317
G3 X231.886 Y167.892 I0.496 J0.062
G1 X232.572 Y167.726
X234.231 Y167.17
X235.068 Y166.869
X235.785 Y166.65
X237.276 Y166.814
X238.51 Y167.666
X239.423 Y168.856
X240.304 Y170.816
X240.8 Y173.202
X240.911 Y175.636
X240.792 Y178.07
X240.462 Y180.484
X239.936 Y182.864
X239.657 Y183.745
X239.58 Y183.894
X239.459 Y184.01
X239.306 Y184.078
X234.656 Y185.288
G3 X234.047 Y184.78 I-0.109 J-0.488
G1 X234.745 Y167.523
X234.754 Y167.313
G3 X235.068 Y166.869 I0.5 J0.02
G1 X238.373 Y165.678
X239.091 Y165.46
X240.591 Y165.446
X241.913 Y166.154
X243.025 Y167.456
X243.89 Y169.08
X243.962 Y169.347
X243.97 Y169.437
Y182.489
X243.944 Y182.628
X243.915 Y182.697
X243.871 Y182.766
X243.767 Y182.874
X243.68 Y182.929
X243.637 Y182.948
X239.306 Y184.078
G3 X238.697 Y183.609 I-0.109 J-0.488
G1 X238.066 Y166.333
X238.059 Y166.161
G3 X238.373 Y165.678 I0.5 J-0.018
G1 X239.764 Y165.171
X241.424 Y164.421
X241.728 Y164.255
X242.403 Y163.928
X243.442 Y163.87
X243.603 Y163.887
X243.75 Y163.955
X243.868 Y164.066
X243.944 Y164.209
X243.97 Y164.369
G3 X243.58 Y164.84 I-0.5 J-0.017
G1 X243.455 Y164.868
X242.093 Y165.173
G3 X241.728 Y164.255 I-0.109 J-0.488
G1 X243.267 Y163.399
X243.39 Y163.366
X243.514 Y163.364
X243.637 Y163.394
X243.701 Y163.423
X243.801 Y163.496
X243.891 Y163.603
X243.928 Y163.672
X243.952 Y163.741
X243.97 Y163.88
Y169.437
G3 X243.453 Y169.919 I-0.5 J-0.017
G0 Z100.
X224.374 Y99.711
Z0.
G3 X224.272 Y98.932 I1.47 J-0.587
G1 X224.726 Y95.944
X224.803 Y95.391
X224.801 Y94.837
X224.741 Y94.533
X224.633 Y93.79
X225.16 Y92.386
X226.23 Y91.335
X227.81 Y90.38
X230.119 Y89.599
X232.523 Y89.199
X234.958 Y89.108
X237.381 Y89.364
X239.76 Y89.892
X242.052 Y90.72
X244.209 Y91.854
X246.134 Y93.348
X247.886 Y95.042
X249.246 Y96.728
X249.304 Y96.817
X249.341 Y96.917
X249.357 Y97.022
X249.401 Y98.158
X249.373 Y98.711
X248.978 Y103.969
X248.566 Y105.505
G3 X247.872 Y105.809 I-0.478 J-0.147
G1 X225.317 Y95.016
X225.012 Y94.87
G3 X224.741 Y94.533 I0.216 J-0.451
G1 X224.692 Y94.284
X223.972 Y91.516
X223.819 Y90.782
X223.918 Y89.286
X224.721 Y88.018
X225.892 Y87.081
X228.067 Y86.028
X230.438 Y85.464
X232.855 Y85.15
X235.291 Y85.1
X237.712 Y85.381
X240.101 Y85.861
X242.428 Y86.583
X244.669 Y87.543
X246.793 Y88.737
X248.595 Y90.205
X248.685 Y90.301
X248.748 Y90.417
X248.777 Y90.546
X249.29 Y95.944
X249.336 Y96.497
X249.357 Y97.022
G3 X248.744 Y97.511 I-0.5 J0.002
G1 X224.591 Y91.919
X224.338 Y91.86
G3 X223.972 Y91.516 I0.113 J-0.487
G1 X223.381 Y89.303
X223.283 Y89.06
X223.166 Y88.817
X223.029 Y88.611
X222.921 Y88.472
X222.461 Y87.88
X222.349 Y87.139
X222.528 Y85.649
X223.348 Y84.393
X224.907 Y83.156
X226.851 Y82.21
X229.22 Y81.641
X231.628 Y81.265
X234.06 Y81.106
X236.496 Y81.181
X238.909 Y81.518
X241.292 Y82.026
X243.614 Y82.767
X245.866 Y83.698
X246.674 Y84.12
X246.775 Y84.19
X246.856 Y84.283
X246.912 Y84.392
X248.636 Y89.125
X248.659 Y89.303
X248.777 Y90.546
G3 X248.229 Y91.073 I-0.499 J0.03
G1 X223.669 Y88.653
X223.218 Y88.608
G3 X222.921 Y88.472 I0.049 J-0.498
G1 X220.953 Y86.47
X220.453 Y85.911
X220.136 Y85.231
X219.879 Y83.753
X220.35 Y82.329
X221.378 Y81.004
X222.906 Y79.733
X225.072 Y78.616
X227.414 Y77.943
X229.808 Y77.487
X232.227 Y77.195
X234.662 Y77.095
X237.096 Y77.204
X239.506 Y77.567
X241.892 Y78.062
X243.714 Y78.603
X243.814 Y78.645
X243.903 Y78.707
X243.976 Y78.788
X245.755 Y81.241
X245.877 Y81.554
X246.912 Y84.392
G3 X246.468 Y85.046 I-0.475 J0.155
G1 X221.702 Y86.582
X221.327 Y86.605
G3 X220.953 Y86.47 I-0.031 J-0.499
G1 X218.74 Y84.24
X218.463 Y84.021
X217.875 Y83.556
X217.503 Y82.904
X217.165 Y81.443
X217.524 Y79.987
X218.291 Y78.698
X219.758 Y77.141
X221.773 Y75.77
X223.974 Y74.722
X226.33 Y74.103
X228.718 Y73.617
X231.134 Y73.292
X233.565 Y73.126
X236.002 Y73.135
X238.431 Y73.334
X239.079 Y73.444
X239.164 Y73.466
X239.244 Y73.503
X239.316 Y73.553
X241.424 Y75.311
X241.503 Y75.389
X243.976 Y78.788
G3 X243.651 Y79.56 I-0.414 J0.28
G1 X219.233 Y83.981
X218.772 Y84.064
G3 X218.463 Y84.021 I-0.089 J-0.492
G1 X218.186 Y83.874
X217.633 Y83.622
X215.973 Y82.953
X215.292 Y82.639
X214.754 Y82.116
X213.996 Y80.822
X213.899 Y79.326
X214.322 Y77.878
X215.237 Y76.212
X216.844 Y74.379
X218.805 Y72.932
X220.916 Y71.715
X223.154 Y70.752
X225.526 Y70.19
X227.912 Y69.698
X230.326 Y69.363
X232.791 Y69.166
X232.872 Y69.171
X232.951 Y69.189
X233.027 Y69.22
X235.843 Y70.661
X239.316 Y73.553
G3 X239.158 Y74.394 I-0.333 J0.373
G1 X216.724 Y82.799
X216.318 Y82.951
G3 X215.973 Y82.953 I-0.175 J-0.468
G1 X212.653 Y81.621
X211.972 Y81.307
X211.405 Y80.816
X210.595 Y79.554
X210.425 Y78.064
X210.741 Y76.471
X211.548 Y74.63
X212.986 Y72.662
X214.699 Y70.929
X216.696 Y69.532
X218.806 Y68.314
X221.024 Y67.304
X223.347 Y66.566
X225.475 Y66.115
X225.557 Y66.105
X225.64 Y66.108
X225.721 Y66.125
X228.699 Y67.013
X233.027 Y69.22
G3 X233.034 Y70.091 I-0.243 J0.437
G1 X213.377 Y81.409
X213.073 Y81.584
G3 X212.653 Y81.621 I-0.249 J-0.433
G1 X211.547 Y81.182
X210.994 Y80.996
X210.44 Y80.909
X209.583 Y80.82
X208.841 Y80.706
X208.206 Y80.307
X207.182 Y79.212
X206.791 Y77.763
X206.823 Y76.264
X207.394 Y74.093
X208.508 Y71.926
X209.995 Y69.995
X211.71 Y68.264
X213.634 Y66.768
X215.697 Y65.472
X217.903 Y64.305
X217.992 Y64.276
X218.084 Y64.265
X218.177 Y64.27
X219.846 Y64.527
X220.399 Y64.623
X221.506 Y64.88
X225.721 Y66.125
G3 X225.888 Y66.978 I-0.159 J0.474
G1 X210.243 Y80.442
X209.943 Y80.7
G3 X209.583 Y80.82 I-0.326 J-0.379
G1 X206.014 Y80.452
X205.273 Y80.337
X204.626 Y79.958
X203.576 Y78.887
X203.072 Y77.474
X202.988 Y75.866
X203.367 Y73.593
X204.278 Y71.332
X205.488 Y69.217
X207.019 Y67.321
X208.731 Y65.587
X210.611 Y64.036
X211.521 Y63.414
X211.622 Y63.361
X211.732 Y63.332
X211.845 Y63.329
X212.1 Y63.35
X212.653 Y63.42
X218.177 Y64.27
G3 X218.475 Y65.072 I-0.093 J0.491
G1 X206.627 Y80.027
X206.44 Y80.263
G3 X206.014 Y80.452 I-0.392 J-0.31
G1 X202.141 Y80.056
X201.399 Y79.946
X200.154 Y79.109
X199.442 Y77.789
X199.142 Y76.32
X199.216 Y73.944
X199.817 Y71.582
X200.779 Y69.343
X202.016 Y67.243
X203.491 Y65.304
X205.14 Y63.509
X205.556 Y63.126
X205.664 Y63.05
X205.787 Y63.005
X205.919 Y62.994
X210.44 Y63.211
X211.845 Y63.329
G3 X212.213 Y64.086 I-0.059 J0.496
G1 X202.726 Y79.61
X202.599 Y79.818
G3 X202.141 Y80.056 I-0.427 J-0.261
G1 X201.19 Y79.966
X198.821 Y80.158
X198.072 Y80.188
X196.722 Y79.533
X195.829 Y78.328
X195.374 Y76.899
X195.171 Y74.643
X195.482 Y72.226
X196.149 Y69.882
X197.157 Y67.664
X198.366 Y65.548
X199.775 Y63.559
X200.098 Y63.177
X200.194 Y63.09
X200.309 Y63.03
X200.436 Y63.002
X201.035 Y62.949
X202.694 Y62.872
X203.248 Y62.866
X205.919 Y62.994
G3 X206.335 Y63.694 I-0.041 J0.498
G1 X199.326 Y79.617
X199.217 Y79.864
G3 X198.821 Y80.158 I-0.458 J-0.201
G1 X195.577 Y80.447
X194.828 Y80.477
X193.375 Y80.101
X192.298 Y79.057
X191.677 Y77.686
X191.254 Y75.684
X191.276 Y73.248
X191.676 Y70.844
X192.389 Y68.513
X193.386 Y66.289
X194.548 Y64.148
X194.847 Y63.691
X194.947 Y63.58
X195.075 Y63.502
X195.221 Y63.467
X200.436 Y63.002
G3 X200.941 Y63.646 I0.027 J0.499
G1 X196.054 Y79.896
X195.994 Y80.095
G3 X195.577 Y80.447 I-0.479 J-0.144
G1 X192.182 Y80.75
X191.629 Y80.858
X190.889 Y80.981
X189.471 Y80.492
X188.442 Y79.401
X187.714 Y77.821
X187.264 Y75.752
X187.273 Y73.316
X187.599 Y70.9
X188.176 Y68.533
X188.993 Y66.237
X189.963 Y64.184
X190.062 Y64.043
X190.204 Y63.944
X190.371 Y63.899
X195.221 Y63.467
G3 X195.735 Y64.077 I0.027 J0.499
G1 X192.045 Y80.253
X191.992 Y80.485
G3 X191.629 Y80.858 I-0.487 J-0.111
G1 X190.522 Y81.1
X189.969 Y81.237
X188.309 Y81.682
X187.576 Y81.839
X186.11 Y81.52
X184.962 Y80.555
X184.171 Y79.249
X183.494 Y77.251
X183.228 Y74.828
X183.327 Y72.393
X183.694 Y69.984
X184.284 Y67.62
X185.07 Y65.313
X185.381 Y64.604
X185.479 Y64.457
X185.623 Y64.354
X185.794 Y64.307
X190.371 Y63.899
G3 X190.893 Y64.464 I0.027 J0.499
G1 X188.687 Y81.057
X188.658 Y81.269
G3 X188.309 Y81.682 I-0.496 J-0.066
G1 X184.989 Y82.571
X184.256 Y82.729
X182.76 Y82.625
X181.5 Y81.811
X180.525 Y80.453
X179.795 Y78.75
X179.342 Y76.355
X179.229 Y73.921
X179.386 Y71.489
X179.792 Y69.086
X180.386 Y66.723
X180.833 Y65.366
X180.911 Y65.218
X181.034 Y65.104
X181.188 Y65.037
X182.776 Y64.644
X183.329 Y64.553
X184.777 Y64.397
X185.794 Y64.307
G3 X186.32 Y64.834 I0.027 J0.499
G1 X185.352 Y81.945
X185.342 Y82.122
G3 X184.989 Y82.571 I-0.499 J-0.028
G1 X183.329 Y83.016
X182.709 Y83.215
X181.313 Y83.768
X180.606 Y84.018
X179.115 Y83.855
X177.858 Y83.036
X176.817 Y81.668
X175.998 Y79.895
X175.478 Y77.515
X175.261 Y75.087
X175.28 Y72.65
X175.515 Y70.225
X175.959 Y67.829
X176.307 Y66.513
X176.382 Y66.353
X176.508 Y66.228
X176.67 Y66.156
X181.188 Y65.037
G3 X181.791 Y65.532 I0.103 J0.489
G1 X181.609 Y83.1
X181.607 Y83.318
G3 X181.313 Y83.768 I-0.5 J-0.005
G1 X181.116 Y83.849
X178.35 Y85.137
X177.655 Y85.419
X176.161 Y85.553
X174.796 Y84.932
X173.729 Y83.877
X172.691 Y82.227
X171.868 Y79.934
X171.431 Y77.536
X171.255 Y75.106
X171.282 Y72.669
X171.49 Y70.241
X171.825 Y68.172
X171.881 Y68.012
X171.987 Y67.879
X172.131 Y67.789
X175.03 Y66.61
X175.584 Y66.425
X176.67 Y66.156
G3 X177.272 Y66.608 I0.103 J0.489
G1 X178.607 Y84.457
X178.622 Y84.654
G3 X178.35 Y85.137 I-0.499 J0.037
G1 X174.726 Y86.825
X174.031 Y87.107
X172.532 Y87.153
X171.194 Y86.475
X170.05 Y85.321
X169.287 Y84.113
X169.245 Y84.029
X169.219 Y83.939
X169.21 Y83.846
X169.215 Y69.249
X169.252 Y69.12
X169.286 Y69.055
X169.375 Y68.949
X169.456 Y68.885
X169.583 Y68.825
X172.131 Y67.789
G3 X172.799 Y68.198 I0.172 J0.469
G1 X174.974 Y86.145
X174.996 Y86.319
G3 X174.726 Y86.825 I-0.496 J0.06
G1 X173.924 Y87.198
X173.07 Y87.642
X171.711 Y88.601
X171.077 Y89.002
X169.586 Y89.169
X169.532 Y89.149
X169.401 Y89.075
X169.298 Y88.965
X169.233 Y88.83
X169.21 Y88.681
G3 X169.57 Y88.219 I0.5 J0.017
G1 X169.723 Y88.174
X171.268 Y87.723
G3 X171.711 Y88.601 I0.14 J0.48
G1 X169.979 Y89.821
X169.862 Y89.872
X169.723 Y89.892
X169.584 Y89.872
X169.456 Y89.815
X169.374 Y89.75
X169.284 Y89.637
X169.25 Y89.57
X169.214 Y89.436
X169.21 Y83.846
G3 X169.727 Y83.364 I0.5 J0.017
G0 Z100.
X285.264 Y178.149
Z0.6
G3 X286.121 Y180.703 Z0.5 I-1.436 J1.903 F1000.
X284.05 Y182.424 Z0.4 I-2.291 J-0.651
X281.699 Y181.115 Z0.3 I-0.22 J-2.37
X282.07 Y178.452 Z0.2 I2.129 J-1.061
X284.685 Y177.837 Z0.1 I1.757 J1.601
X286.203 Y180.052 Z0. I-0.858 J2.215
X281.452 I-2.375 J0.
X286.203 I2.375 J0.
G1 X286.549 Y182.464
X286.644 Y183.066
X286.531 Y183.807
X286.19 Y184.475
X285.172 Y185.577
X283.755 Y186.068
X282.256 Y186.01
X280.842 Y185.509
X279.609 Y184.655
X278.627 Y183.522
X277.947 Y182.184
X277.607 Y180.723
X277.626 Y179.224
X278.001 Y177.771
X278.711 Y176.45
X279.715 Y175.336
X280.956 Y174.493
X282.361 Y173.969
X283.851 Y173.795
X285.34 Y173.98
X286.741 Y174.514
X287.975 Y175.367
X288.971 Y176.489
X289.671 Y177.815
X290.302 Y180.169
X290.603 Y182.587
X290.481 Y184.082
X290.033 Y185.514
X289.079 Y187.157
X288.064 Y188.261
X286.531 Y189.25
X285.124 Y189.772
X283.215 Y190.017
X281.321 Y189.847
X279.569 Y189.291
X277.719 Y188.219
X276.104 Y186.737
X274.834 Y184.921
X273.98 Y182.862
X273.591 Y180.668
X273.684 Y178.476
X274.238 Y176.389
X275.252 Y174.429
X276.687 Y172.709
X278.459 Y171.339
X280.484 Y170.384
X282.667 Y169.889
X284.906 Y169.877
X287.097 Y170.349
X289.135 Y171.283
X290.905 Y172.622
X292.321 Y174.282
X293.384 Y176.285
X294.036 Y178.633
X294.461 Y181.032
X294.586 Y183.386
X294.2 Y185.701
X293.291 Y187.962
X292.781 Y188.747
X292.732 Y188.81
X292.675 Y188.865
X292.609 Y188.909
X289.145 Y190.878
X289.076 Y190.91
X289.006 Y190.93
X283.819 Y191.679
X283.75
X278.563 Y190.918
X278.494 Y190.895
X274.137 Y188.424
X274.028 Y188.335
X271.393 Y184.772
X271.355 Y184.703
X271.33 Y184.634
X270.493 Y180.345
X270.472 Y180.206
X270.485 Y180.068
X271.358 Y175.732
X271.39 Y175.641
X271.428 Y175.571
X274.068 Y171.934
X274.128 Y171.88
X278.494 Y169.254
X278.632 Y169.215
X283.563 Y168.446
X283.794 Y168.417
X286.793 Y168.856
X289.006 Y169.185
X289.076 Y169.207
X289.283 Y169.319
X293.481 Y171.766
X293.555 Y171.836
X295.888 Y175.087
X296.199 Y175.534
X296.238 Y175.641
X297.086 Y180.137
X297.087 Y180.206
X296.242 Y184.612
X296.199 Y184.729
X295.57 Y185.603
X293.597 Y188.301
X293.532 Y188.37
X293.433 Y188.441
X292.609 Y188.909
X292.535 Y188.941
X292.458 Y188.96
X292.378 Y188.966
X292.377
G3 X291.934 Y188.698 I0. J-0.5
G0 Z100.
X285.039 Y74.67
Z0.6
G3 X285.897 Y77.225 Z0.5 I-1.436 J1.903 F1000.
X283.826 Y78.946 Z0.4 I-2.291 J-0.651
X281.475 Y77.637 Z0.3 I-0.22 J-2.37
X281.846 Y74.974 Z0.2 I2.129 J-1.061
X284.461 Y74.359 Z0.1 I1.757 J1.601
X285.978 Y76.573 Z0. I-0.858 J2.215
X281.228 I-2.375 J0.
X285.978 I2.375 J0.
G1 X286.325 Y78.986
X286.42 Y79.587
X286.307 Y80.329
X285.966 Y80.997
X284.948 Y82.098
X283.531 Y82.59
X282.032 Y82.532
X280.618 Y82.031
X279.385 Y81.177
X278.402 Y80.043
X277.723 Y78.706
X277.383 Y77.245
X277.401 Y75.745
X277.776 Y74.293
X278.486 Y72.972
X279.491 Y71.857
X280.731 Y71.014
X282.137 Y70.49
X283.627 Y70.316
X285.115 Y70.502
X286.517 Y71.036
X287.751 Y71.889
X288.747 Y73.01
X289.447 Y74.337
X290.078 Y76.691
X290.379 Y79.109
X290.256 Y80.604
X289.808 Y82.035
X288.855 Y83.679
X287.839 Y84.783
X286.306 Y85.772
X284.9 Y86.294
X282.99 Y86.539
X281.096 Y86.368
X279.345 Y85.812
X277.495 Y84.741
X275.88 Y83.259
X274.609 Y81.443
X273.756 Y79.384
X273.367 Y77.189
X273.459 Y74.997
X274.014 Y72.911
X275.028 Y70.951
X276.462 Y69.231
X278.234 Y67.86
X280.26 Y66.905
X282.443 Y66.41
X284.682 Y66.398
X286.872 Y66.87
X288.911 Y67.804
X290.681 Y69.143
X292.096 Y70.804
X293.16 Y72.806
X293.811 Y75.155
X294.237 Y77.554
X294.361 Y79.908
X293.976 Y82.223
X293.067 Y84.484
X291.765 Y86.488
X290.127 Y88.098
X288.062 Y89.392
X285.901 Y90.185
X283.486 Y90.511
X281.052 Y90.398
X278.683 Y89.828
X276.469 Y88.809
X274.452 Y87.442
X272.702 Y85.746
X272.417 Y85.325
X272.37 Y85.238
X272.341 Y85.143
X272.331 Y85.044
Y69.932
X272.406 Y68.434
X273.156 Y67.135
X274.795 Y65.413
X275.282 Y65.085
X275.369 Y65.038
X275.464 Y65.01
X275.562 Y65.
G3 X275.929 Y65.687 I-0.016 J0.45
G1 X273.163 Y70.153
G3 X272.331 Y69.932 I-0.383 J-0.237
G1 Y65.504
X272.35 Y65.374
X272.373 Y65.31
X272.434 Y65.208
X272.546 Y65.097
X272.615 Y65.054
X272.685 Y65.026
X272.823 Y65.
X289.56
X291.058 Y65.075
X292.436 Y65.666
X294.163 Y67.043
X294.765 Y67.787
X294.826 Y67.883
X294.863 Y67.989
X294.876 Y68.102
G3 X294.211 Y68.481 I-0.45 J-0.016
G1 X289.361 Y65.845
G3 X289.56 Y65. I0.215 J-0.395
G1 X294.401 Y65.002
X294.47 Y65.013
X294.539 Y65.034
X294.608 Y65.066
X294.718 Y65.146
X294.789 Y65.23
X294.841 Y65.328
X294.872 Y65.445
X294.876 Y86.535
X294.801 Y88.033
X294.153 Y89.386
X293.174 Y90.614
X291.279 Y92.146
X289.137 Y93.309
X286.83 Y94.093
X284.416 Y94.422
X281.979 Y94.471
X279.558 Y94.196
X277.202 Y93.573
X274.999 Y92.531
X272.92 Y91.259
X272.518 Y90.936
X272.417 Y90.827
X272.353 Y90.693
X272.331 Y90.546
Y85.044
G3 X272.848 Y84.562 I0.5 J0.017
G1 X272.865 Y84.563
X294.359 Y86.05
X294.411 Y86.054
G3 X294.876 Y86.535 I-0.035 J0.499
G1 Y92.07
X294.839 Y92.819
X294.319 Y94.226
X293.273 Y95.357
X291.469 Y96.609
X289.214 Y97.533
X286.862 Y98.17
X284.44 Y98.445
X282.003 Y98.466
X279.578 Y98.231
X277.193 Y97.73
X274.885 Y96.947
X272.708 Y95.853
X272.564 Y95.761
X272.439 Y95.65
X272.359 Y95.504
X272.331 Y95.339
Y90.546
G3 X272.848 Y90.064 I0.5 J0.017
G1 X272.866 Y90.065
X294.359 Y91.585
X294.412 Y91.589
G3 X294.876 Y92.07 I-0.035 J0.499
G1 Y96.497
X294.801 Y97.996
X294.008 Y99.268
X292.555 Y100.381
X290.347 Y101.411
X287.982 Y102.001
X285.571 Y102.356
X283.137 Y102.473
X280.702 Y102.383
X278.284 Y102.078
X275.907 Y101.539
X273.608 Y100.732
X272.616 Y100.261
X272.466 Y100.15
X272.366 Y99.993
X272.331 Y99.809
Y95.339
G3 X272.848 Y94.857 I0.5 J0.017
G1 X272.858
X294.359 Y96.013
X294.403 Y96.016
G3 X294.876 Y96.497 I-0.027 J0.499
G1 Y100.925
X294.839 Y101.674
X294.331 Y103.086
X293.281 Y104.157
X291.799 Y105.027
X289.481 Y105.777
X287.079 Y106.187
X284.654 Y106.425
X282.217 Y106.462
X279.784 Y106.325
X277.37 Y105.989
X274.998 Y105.431
X272.688 Y104.655
X272.63 Y104.629
X272.473 Y104.52
X272.368 Y104.359
X272.331 Y104.171
Y99.809
G3 X272.848 Y99.327 I0.5 J0.017
G1 X272.857
X294.359 Y100.441
X294.402 Y100.443
G3 X294.876 Y100.925 I-0.026 J0.499
G1 Y105.353
X294.839 Y106.102
X294.258 Y107.485
X293.127 Y108.469
X291.351 Y109.356
X288.987 Y109.949
X286.571 Y110.27
X284.142 Y110.457
X281.705 Y110.462
X279.273 Y110.298
X276.861 Y109.955
X274.482 Y109.424
X272.684 Y108.869
X272.542 Y108.799
X272.429 Y108.689
X272.356 Y108.548
X272.331 Y108.392
Y104.171
G3 X272.848 Y103.689 I0.5 J0.017
G1 X272.858
X294.359 Y104.868
X294.404 Y104.871
G3 X294.876 Y105.353 I-0.027 J0.499
G1 Y109.227
X294.801 Y110.725
X293.991 Y111.987
X292.759 Y112.844
X290.539 Y113.723
X288.133 Y114.109
X285.709 Y114.359
X283.275 Y114.477
X280.838 Y114.432
X278.409 Y114.239
X276. Y113.868
X273.624 Y113.329
X272.687 Y113.048
X272.544 Y112.979
X272.43 Y112.868
X272.356 Y112.727
X272.331 Y112.569
Y108.392
G3 X272.85 Y107.909 I0.5 J0.017
G1 X294.359 Y108.743
X294.396 Y108.745
G3 X294.876 Y109.227 I-0.019 J0.5
G1 Y113.654
X294.839 Y114.403
X294.205 Y115.763
X293.074 Y116.749
X291.488 Y117.493
X289.111 Y118.028
X286.687 Y118.28
X284.255 Y118.442
X281.818 Y118.462
X279.384 Y118.342
X276.961 Y118.082
X274.561 Y117.664
X272.715 Y117.223
X272.562 Y117.158
X272.439 Y117.047
X272.359 Y116.901
X272.331 Y116.737
Y112.569
G3 X272.848 Y112.087 I0.5 J0.017
G1 X272.856
X294.359 Y113.17
X294.401 Y113.172
G3 X294.876 Y113.654 I-0.025 J0.499
G1 Y117.528
X294.839 Y118.278
X294.336 Y119.691
X293.246 Y120.721
X291.451 Y121.561
X289.073 Y122.094
X286.644 Y122.297
X284.212 Y122.453
X281.776 Y122.46
X279.341 Y122.345
X276.916 Y122.103
X274.51 Y121.722
X272.725 Y121.334
X272.568 Y121.271
X272.442 Y121.159
X272.359 Y121.012
X272.331 Y120.845
Y116.737
G3 X272.849 Y116.255 I0.5 J0.017
G1 X294.359 Y117.045
X294.395 Y117.046
G3 X294.876 Y117.528 I-0.018 J0.5
G1 Y121.956
X294.839 Y122.705
X294.148 Y124.037
X292.964 Y124.957
X290.985 Y125.767
X288.584 Y126.181
X286.152 Y126.336
X283.719 Y126.476
X281.282 Y126.456
X278.849 Y126.323
X276.425 Y126.073
X274.017 Y125.694
X272.728 Y125.423
X272.57 Y125.361
X272.443 Y125.249
X272.36 Y125.101
X272.331 Y124.934
Y120.845
G3 X272.848 Y120.363 I0.5 J0.017
G1 X272.856
X294.359 Y121.472
X294.402 Y121.474
G3 X294.876 Y121.956 I-0.026 J0.499
G1 Y125.83
X294.839 Y126.579
X294.223 Y127.947
X293.101 Y128.943
X291.251 Y129.742
X288.857 Y130.201
X286.423 Y130.32
X283.991 Y130.468
X281.554 Y130.461
X279.12 Y130.348
X276.693 Y130.127
X274.279 Y129.792
X272.739 Y129.503
X272.577 Y129.442
X272.446 Y129.331
X272.361 Y129.181
X272.331 Y129.012
Y124.934
G3 X272.848 Y124.452 I0.5 J0.017
G1 X272.851
X294.359 Y125.346
X294.397 Y125.348
G3 X294.876 Y125.83 I-0.021 J0.5
G1 Y129.704
X294.839 Y130.453
X294.325 Y131.863
X293.245 Y132.903
X291.453 Y133.725
X289.07 Y134.239
X286.634 Y134.305
X284.203 Y134.465
X281.766 Y134.462
X279.331 Y134.365
X276.902 Y134.167
X274.484 Y133.865
X272.747 Y133.57
X272.583 Y133.511
X272.449 Y133.4
X272.361 Y133.249
X272.331 Y133.077
Y129.012
G3 X272.847 Y128.529 I0.5 J0.017
G1 X272.848
X294.359 Y129.221
X294.392 Y129.222
G3 X294.876 Y129.704 I-0.016 J0.5
G1 Y134.132
X294.839 Y134.881
X294.143 Y136.21
X292.955 Y137.125
X291.031 Y137.898
X288.627 Y138.298
X286.19 Y138.314
X283.76 Y138.493
X281.323 Y138.456
X278.889 Y138.348
X276.461 Y138.142
X274.043 Y137.841
X272.749 Y137.625
X272.584 Y137.567
X272.449 Y137.455
X272.362 Y137.304
X272.331 Y137.132
Y133.077
G3 X272.848 Y132.595 I0.5 J0.017
G1 X272.855
X294.359 Y133.648
X294.401 Y133.65
G3 X294.876 Y134.132 I-0.024 J0.499
G1 Y138.006
X294.839 Y138.755
X294.212 Y140.118
X293.082 Y141.104
X291.202 Y141.893
X288.804 Y142.329
X286.367 Y142.306
X283.937 Y142.492
X281.501 Y142.46
X279.066 Y142.362
X276.636 Y142.175
X274.215 Y141.898
X272.755 Y141.674
X272.588 Y141.617
X272.452 Y141.506
X272.362 Y141.354
X272.331 Y141.18
Y137.132
G3 X272.851 Y136.65 I0.5 J0.017
G1 X294.359 Y137.522
X294.397 Y137.524
G3 X294.876 Y138.006 I-0.02 J0.5
G1 Y141.88
X294.839 Y142.629
X294.305 Y144.031
X293.215 Y145.062
X291.417 Y145.868
X289.133 Y146.341
X286.696 Y146.308
X284.265 Y146.475
X281.828 Y146.469
X279.393 Y146.38
X276.961 Y146.216
X274.537 Y145.966
X272.762 Y145.719
X272.593 Y145.663
X272.454 Y145.552
X272.363 Y145.399
X272.331 Y145.224
Y141.18
G3 X272.847 Y140.698 I0.5 J0.017
G1 X272.848
X294.359 Y141.397
X294.393 Y141.398
G3 X294.876 Y141.88 I-0.016 J0.5
G1 Y145.754
X294.801 Y147.252
X293.998 Y148.519
X293.035 Y149.174
X292.947 Y149.222
X292.852 Y149.251
X292.754 Y149.261
G0 Z100.
X294.655 Y145.001
Z0.
G1 X294.876 Y145.754
X294.874 Y148.798
X294.862 Y148.867
X294.84 Y148.937
X294.805 Y149.006
X294.756 Y149.075
X294.702 Y149.129
X294.593 Y149.202
X294.47 Y149.248
X294.401 Y149.259
X272.834 Y149.261
X272.706 Y149.242
X272.579 Y149.186
X272.515 Y149.139
X272.451 Y149.075
X272.408 Y149.016
X272.352 Y148.893
X272.331 Y148.769
Y145.224
G3 X272.848 Y144.741 I0.5 J0.017
G0 Z100.
X393.266 Y124.568
Z0.6
G3 X394.123 Y127.122 Z0.5 I-1.436 J1.903 F1000.
X392.052 Y128.843 Z0.4 I-2.291 J-0.651
X389.701 Y127.534 Z0.3 I-0.22 J-2.37
X390.072 Y124.871 Z0.2 I2.129 J-1.061
X392.687 Y124.256 Z0.1 I1.757 J1.601
X394.204 Y126.471 Z0. I-0.858 J2.215
X389.454 I-2.375 J0.
X394.204 I2.375 J0.
G1 X394.551 Y128.883
X394.646 Y129.485
X394.533 Y130.226
X394.192 Y130.894
X393.174 Y131.996
X391.757 Y132.488
X390.258 Y132.429
X388.844 Y131.928
X387.611 Y131.074
X386.628 Y129.941
X385.949 Y128.603
X385.609 Y127.142
X385.627 Y125.643
X386.003 Y124.19
X386.713 Y122.869
X387.717 Y121.755
X388.957 Y120.912
X390.363 Y120.388
X391.853 Y120.214
X393.341 Y120.399
X394.743 Y120.933
X395.977 Y121.786
X396.973 Y122.908
X397.673 Y124.234
X398.304 Y126.588
X398.605 Y129.006
X398.483 Y130.501
X398.034 Y131.933
X397.081 Y133.576
X396.065 Y134.68
X394.532 Y135.669
X393.126 Y136.191
X391.216 Y136.436
X389.322 Y136.266
X387.571 Y135.71
X385.721 Y134.638
X384.106 Y133.156
X382.836 Y131.34
X381.982 Y129.281
X381.593 Y127.087
X381.686 Y124.895
X382.24 Y122.808
X383.254 Y120.849
X384.689 Y119.128
X386.461 Y117.758
X388.486 Y116.803
X390.669 Y116.308
X392.908 Y116.296
X395.098 Y116.768
X397.137 Y117.702
X398.907 Y119.041
X400.323 Y120.701
X401.386 Y122.704
X402.037 Y125.052
X402.463 Y127.451
X402.587 Y129.806
X402.202 Y132.12
X401.293 Y134.381
X399.991 Y136.385
X398.354 Y137.996
X396.288 Y139.289
X394.128 Y140.082
X391.713 Y140.408
X389.278 Y140.296
X386.909 Y139.725
X384.695 Y138.706
X382.678 Y137.34
X380.929 Y135.643
X379.561 Y133.626
X378.519 Y131.423
X377.846 Y129.081
X377.629 Y127.263
X377.625 Y127.188
X377.634 Y127.113
X377.653 Y127.04
X379.414 Y121.956
X379.544 Y121.403
X379.6 Y120.849
X379.797 Y119.362
X380.795 Y117.579
X382.416 Y115.76
X384.384 Y114.323
X386.585 Y113.275
X388.919 Y112.576
X391.336 Y112.262
X393.771 Y112.339
X396.14 Y112.912
X398.385 Y113.86
X400.451 Y115.152
X402.282 Y116.761
X403.313 Y118.044
X403.363 Y118.12
X403.399 Y118.205
X403.419 Y118.295
X403.67 Y120.296
X403.717 Y120.572
X403.791 Y120.849
X404.089 Y121.535
X405.347 Y124.17
X406.131 Y126.044
X406.564 Y128.442
X406.512 Y130.878
X406.055 Y133.272
X405.36 Y134.989
X405.267 Y135.138
X405.129 Y135.248
X404.963 Y135.304
X404.787 Y135.301
X404.622 Y135.239
X404.356 Y135.081
X404.089 Y134.962
X403.813 Y134.874
X403.536 Y134.821
X402.983 Y134.808
X402.706 Y134.849
X402.429 Y134.919
X401.876 Y135.178
X401.776 Y135.239
X401.323 Y135.655
X401.203 Y135.792
X400.769 Y136.451
X397.45 Y141.651
X396.58 Y142.874
X395.292 Y143.642
X393.225 Y144.247
X390.793 Y144.41
X388.363 Y144.232
X386.006 Y143.612
X383.749 Y142.694
X381.627 Y141.496
X379.664 Y140.052
X377.954 Y138.316
X376.548 Y136.325
X375.376 Y134.189
X374.463 Y131.929
X374.26 Y131.158
X374.244 Y131.013
X374.27 Y130.869
X374.336 Y130.74
X374.437 Y130.635
X376.425 Y129.092
X376.69 Y128.88
X376.954 Y128.597
X377.157 Y128.304
X377.294 Y128.044
X377.653 Y127.04
G3 X378.419 Y126.82 I0.466 J0.18
G1 X397.275 Y140.964
X397.319 Y140.997
G3 X397.45 Y141.651 I-0.3 J0.4
G1 X396.707 Y142.811
X396.536 Y142.987
X392.579 Y146.861
X391.524 Y147.792
X391.426 Y147.845
G0 Z100.
X392.963 Y146.176
Z0.
G1 X392.579 Y146.861
X391.709 Y147.709
X391.64 Y147.757
X391.364 Y147.871
X389.937 Y148.336
X387.506 Y148.18
X385.16 Y147.517
X382.875 Y146.671
X380.693 Y145.586
X378.629 Y144.291
X376.699 Y142.803
X375.027 Y141.03
X373.579 Y139.07
X372.327 Y136.979
X371.275 Y134.781
X370.871 Y133.674
X370.841 Y133.521
X370.861 Y133.365
X370.927 Y133.223
X371.034 Y133.108
X371.171 Y133.033
X371.445 Y132.904
X372.058 Y132.472
X374.437 Y130.635
G3 X375.082 Y130.686 I0.292 J0.406
G1 X375.14 Y130.744
X391.511 Y147.061
G3 X391.364 Y147.871 I-0.353 J0.354
G1 X385.07 Y150.274
X384.171 Y150.411
X382.678 Y150.553
X380.5 Y149.98
X378.333 Y148.865
X376.29 Y147.537
X374.359 Y146.05
X372.627 Y144.336
X371.08 Y142.453
X369.71 Y140.438
X368.504 Y138.32
X367.482 Y136.108
X367.114 Y134.862
X367.096 Y134.67
X367.151 Y134.486
X367.272 Y134.337
X367.44 Y134.244
X370.892 Y133.134
X371.171 Y133.033
G3 X371.719 Y133.202 I0.153 J0.476
G1 X371.827 Y133.34
X384.476 Y149.612
G3 X384.171 Y150.411 I-0.395 J0.307
G1 X377.324 Y151.41
X377.255 Y151.411
X376.425 Y151.308
X374.948 Y151.045
X373.013 Y150.069
X371.126 Y148.527
X369.425 Y146.781
X367.903 Y144.879
X366.523 Y142.87
X365.288 Y140.769
X364.208 Y138.584
X363.426 Y136.535
X363.333 Y135.904
X363.336 Y135.742
X363.389 Y135.59
X363.488 Y135.463
X363.623 Y135.374
X363.779 Y135.333
X364.08 Y135.298
X364.806 Y135.087
X367.44 Y134.244
G3 X368.014 Y134.483 I0.136 J0.481
G1 X368.069 Y134.583
X376.908 Y150.568
G3 X376.425 Y151.308 I-0.438 J0.242
G1 X369.232 Y150.393
X368.126 Y149.939
X366.771 Y149.295
X365.156 Y147.857
X363.728 Y145.883
X362.428 Y143.821
X361.26 Y141.683
X360.237 Y139.471
X359.6 Y137.66
X359.419 Y136.171
X359.578 Y135.068
X359.627 Y134.912
X359.724 Y134.78
X359.859 Y134.687
X360.016 Y134.642
X360.179 Y134.65
X363.146 Y135.29
X363.423 Y135.329
X363.7 Y135.341
X363.779 Y135.333
G3 X364.285 Y135.675 I0.031 J0.499
G1 X364.325 Y135.797
X368.776 Y149.315
G3 X368.126 Y149.939 I-0.475 J0.156
G1 X361.694 Y147.259
X359.827 Y145.867
X358.672 Y144.909
X357.347 Y142.864
X356.379 Y140.628
X355.634 Y138.385
X355.421 Y136.329
X355.602 Y134.752
X355.82 Y134.12
X355.898 Y133.976
X356.018 Y133.866
X356.166 Y133.799
X356.329 Y133.784
X356.487 Y133.822
X357.06 Y133.968
X360.179 Y134.65
G3 X360.555 Y135.132 I-0.124 J0.484
G1 X360.556 Y135.26
X360.612 Y145.454
G3 X359.827 Y145.867 I-0.5 J0.003
G1 X355.469 Y142.603
X355.326 Y142.434
X352.685 Y139.113
X351.811 Y137.894
X351.535 Y136.157
X351.64 Y134.425
X352.051 Y132.982
X352.802 Y131.684
X352.905 Y131.591
X353.056 Y131.497
X353.232 Y131.463
X353.408 Y131.492
X353.563 Y131.581
X355.4 Y133.137
X355.969 Y133.578
X356.238 Y133.717
X356.487 Y133.822
G3 X356.684 Y134.566 I-0.21 J0.454
G1 X353.472 Y139.078
G3 X352.685 Y139.113 I-0.407 J-0.29
G1 X350.421 Y136.27
X350.171 Y135.995
X349.92 Y135.792
X349.338 Y135.32
X348.516 Y134.065
X348.354 Y132.574
X348.738 Y131.078
X349.416 Y129.74
X349.962 Y129.152
X350.09 Y129.052
X350.242 Y128.999
X350.404 Y128.997
X350.558 Y129.047
X350.688 Y129.144
X353.563 Y131.581
G3 X353.601 Y132.282 I-0.336 J0.37
G1 X353.597 Y132.287
X350.617 Y135.657
X350.573 Y135.708
G3 X349.92 Y135.792 I-0.375 J-0.331
G1 X349.729 Y135.666
X349.591 Y135.587
X349.314 Y135.466
X349.038 Y135.383
X348.761 Y135.334
X348.208 Y135.314
X347.931 Y135.328
X347.182 Y135.365
X346.489 Y135.078
X345.902 Y134.611
X344.999 Y133.413
X344.739 Y131.936
X344.893 Y130.444
X345.498 Y128.7
X346.368 Y127.284
X347.411 Y126.205
X348.266 Y125.721
X348.42 Y125.664
X348.584 Y125.661
X348.741 Y125.711
X348.873 Y125.809
X348.966 Y125.945
X349.942 Y128.044
X350.233 Y128.597
X350.421 Y128.868
X350.688 Y129.144
G3 X350.771 Y129.688 I-0.371 J0.335
G1 X350.686 Y129.872
X348.431 Y134.778
X348.31 Y135.042
G3 X347.931 Y135.328 I-0.454 J-0.209
G1 X347.654 Y135.36
X347.101 Y135.535
X346.872 Y135.643
X346.643 Y135.792
X346.548 Y135.865
X346.289 Y136.106
X346.014 Y136.36
X345.317 Y136.639
X344.568 Y136.676
X343.1 Y136.369
X341.959 Y135.395
X341.272 Y134.061
X340.91 Y132.606
X340.869 Y130.72
X341.333 Y128.388
X342.312 Y126.157
X343.701 Y124.233
X345.116 Y122.972
X346.425 Y122.24
X346.746 Y122.153
X346.92 Y122.138
X347.088 Y122.183
X347.231 Y122.282
X347.33 Y122.425
X348.966 Y125.945
G3 X348.988 Y126.27 I-0.461 J0.195
G1 X348.87 Y126.708
X346.53 Y135.362
X346.377 Y135.929
X346.355 Y135.992
X346.326 Y136.051
X346.289 Y136.106
X346.088 Y136.346
X345.994 Y136.498
X345.791 Y136.899
X345.64 Y137.453
X345.617 Y137.729
X345.586 Y138.103
X345.174 Y138.73
X344.593 Y139.204
X343.232 Y139.833
X341.737 Y139.709
X340.381 Y139.067
X339.223 Y138.113
X338.16 Y136.652
X337.32 Y134.727
X336.851 Y132.335
X336.904 Y129.899
X337.438 Y127.521
X338.323 Y125.251
X339.517 Y123.127
X341.014 Y121.203
X342.874 Y119.63
X344.459 Y118.761
X345.696 Y118.4
X345.868 Y118.381
X346.037 Y118.422
X346.181 Y118.519
X346.284 Y118.659
X346.333 Y118.825
X346.494 Y120.296
X346.548 Y120.582
X346.624 Y120.849
X346.855 Y121.403
X347.33 Y122.425
G3 X347.333 Y122.808 I-0.461 J0.195
G1 X347.188 Y123.173
X346.833 Y124.136
X346.514 Y125.111
X346.502 Y125.155
X346.495 Y125.2
X345.343 Y135.132
X345.34 Y135.178
X345.341 Y135.223
X345.413 Y136.089
X345.511 Y136.951
X345.611 Y137.653
X345.617 Y137.729
X345.608 Y138.006
Y140.22
X345.57 Y140.969
X345.309 Y141.672
X344.381 Y142.85
X342.996 Y143.428
X341.5 Y143.528
X339.831 Y143.131
X338.077 Y142.281
X336.597 Y141.111
X335.057 Y139.223
X333.945 Y137.055
X333.204 Y134.733
X332.806 Y132.329
X332.913 Y129.894
X333.324 Y127.492
X334.034 Y125.161
X334.999 Y122.923
X336.234 Y120.822
X337.737 Y118.904
X339.495 Y117.217
X341.47 Y115.789
X343.532 Y114.84
X344.998 Y114.522
X345.431 Y114.537
X345.604 Y114.575
X345.753 Y114.671
X345.86 Y114.813
X345.91 Y114.982
X346.333 Y118.825
X346.332 Y118.904
X346.32 Y118.981
X346.174 Y119.592
X345.771 Y121.5
X345.439 Y123.421
X345.433 Y123.48
X345.022 Y135.603
X345.021 Y135.623
X345.022 Y135.643
X345.023 Y135.663
X345.219 Y137.558
X345.483 Y139.445
X345.601 Y140.152
X345.608 Y140.22
Y144.094
X345.57 Y144.843
X344.868 Y146.168
X343.602 Y146.973
X342.15 Y147.347
X340.238 Y147.289
X338.023 Y146.729
X335.845 Y145.636
X333.946 Y144.109
X332.359 Y142.26
X331.03 Y140.217
X330.005 Y138.006
X329.314 Y135.669
X328.905 Y133.267
X328.841 Y130.831
X329.082 Y128.406
X329.554 Y126.015
X330.307 Y123.697
X331.274 Y121.461
X332.459 Y119.331
X333.857 Y117.335
X335.46 Y115.5
X337.256 Y113.853
X339.258 Y112.463
X341.444 Y111.386
X343.571 Y110.724
X345.066 Y110.598
X345.19 Y110.617
X345.354 Y110.673
X345.489 Y110.782
X345.579 Y110.93
X345.613 Y111.1
X345.645 Y111.994
X345.703 Y113.101
X345.91 Y114.982
Y115.061
X345.853 Y115.766
G2 X345.236 Y129.493 I200.962 J15.9
G1 X345.235 Y129.638
G2 X345.561 Y143.31 I201.58 J2.028
G1 X345.607 Y144.081
X345.608 Y144.094
Y147.719
X345.576 Y148.356
X345.318 Y148.958
X345.242 Y149.082
X345.134 Y149.178
X345.002 Y149.24
X344.859 Y149.261
G3 X344.388 Y148.651 I0.017 J-0.5
G1 X344.621 Y147.626
G3 X345.608 Y147.719 I0.488 J0.11
G1 X345.606 Y148.798
X345.594 Y148.867
X345.572 Y148.937
X345.537 Y149.006
X345.488 Y149.075
X345.441 Y149.123
X345.372 Y149.174
X345.303 Y149.213
X345.234 Y149.24
X345.165 Y149.255
X343.228 Y149.261
X336.035
X334.537 Y149.186
X332.612 Y148.176
X330.749 Y146.605
X329.21 Y144.715
X327.859 Y142.687
X326.743 Y140.521
X325.874 Y138.244
X325.261 Y135.886
X324.89 Y133.477
X324.849 Y131.04
X325.032 Y128.61
X325.426 Y126.206
X326.027 Y123.844
X326.85 Y121.55
X327.85 Y119.328
X329.066 Y117.216
X330.457 Y115.215
X332.019 Y113.345
X333.744 Y111.623
X335.628 Y110.077
X337.666 Y108.742
X339.874 Y107.71
X342.192 Y106.958
X344.219 Y106.655
X345.143 Y106.719
X345.323 Y106.767
X345.474 Y106.877
X345.573 Y107.035
X345.608 Y107.218
X345.613 Y111.1
X345.609 Y111.156
X345.599 Y111.211
X345.441 Y111.866
X336.536 Y148.747
X336.504 Y148.879
G3 X336.035 Y149.261 I-0.486 J-0.117
G1 X329.949
X329.2 Y149.223
X327.811 Y148.659
X326.501 Y147.58
X324.999 Y145.661
X323.782 Y143.549
X323.111 Y142.121
X323.084 Y142.053
X323.068 Y141.981
X323.063 Y141.908
Y122.509
X323.147 Y120.829
X323.775 Y118.541
X324.911 Y116.385
X326.188 Y114.309
X327.616 Y112.334
X329.203 Y110.486
X330.939 Y108.775
X332.808 Y107.211
X334.808 Y105.818
X336.939 Y104.637
X339.187 Y103.696
X341.517 Y102.983
X343.933 Y102.661
X345.146 Y102.754
X345.326 Y102.803
X345.475 Y102.913
X345.574 Y103.07
X345.608 Y103.253
Y107.218
G3 X345.398 Y107.608 I-0.5 J-0.017
G1 X345.132 Y107.797
X323.852 Y122.9
G3 X323.063 Y122.509 I-0.289 J-0.408
G1 Y114.208
X323.138 Y112.71
X323.697 Y111.2
X325.016 Y109.152
X326.657 Y107.349
X328.41 Y105.657
X330.29 Y104.106
X332.281 Y102.7
X334.383 Y101.469
X336.587 Y100.428
X338.874 Y99.585
X341.224 Y98.942
X343.646 Y98.674
X345.137 Y98.761
X345.319 Y98.807
X345.472 Y98.917
X345.573 Y99.076
X345.608 Y99.26
Y103.253
G3 X345.335 Y103.681 I-0.5 J-0.017
G1 X345.11 Y103.796
X323.789 Y114.636
G3 X323.063 Y114.208 I-0.227 J-0.446
G1 Y107.566
X323.138 Y106.068
X323.971 Y104.589
X325.598 Y102.774
X327.488 Y101.236
X329.451 Y99.792
X331.516 Y98.498
X333.672 Y97.362
X335.907 Y96.392
X338.21 Y95.593
X340.568 Y94.98
X342.992 Y94.724
X344.998 Y94.747
X345.222 Y94.8
X345.376 Y94.864
X345.5 Y94.976
X345.58 Y95.122
X345.608 Y95.287
Y99.26
G3 X345.288 Y99.709 I-0.5 J-0.017
G1 X345.1 Y99.782
X323.743 Y108.015
G3 X323.063 Y107.566 I-0.18 J-0.467
G1 Y102.032
X323.138 Y100.534
X323.942 Y99.268
X325.669 Y97.548
X327.674 Y96.163
X329.751 Y94.889
X331.916 Y93.77
X334.149 Y92.793
X336.442 Y91.967
X338.786 Y91.3
X341.183 Y90.864
X343.615 Y90.701
X345.209 Y90.786
X345.389 Y90.863
X345.506 Y90.974
X345.582 Y91.117
X345.608 Y91.277
Y95.287
G3 X345.258 Y95.746 I-0.5 J-0.017
G1 X345.096 Y95.797
X323.712 Y102.492
G3 X323.063 Y102.032 I-0.149 J-0.477
G1 Y97.051
X323.138 Y95.553
X323.931 Y94.28
X325.595 Y92.715
X327.689 Y91.468
X329.846 Y90.333
X332.068 Y89.333
X334.344 Y88.463
X336.669 Y87.732
X339.04 Y87.167
X341.45 Y86.807
X343.884 Y86.683
X345.15 Y86.789
X345.328 Y86.839
X345.476 Y86.949
X345.574 Y87.106
X345.608 Y87.288
Y91.277
G3 X345.238 Y91.742 I-0.5 J-0.017
G1 X345.094 Y91.781
X323.692 Y97.516
G3 X323.063 Y97.051 I-0.129 J-0.483
G1 Y92.07
X323.1 Y91.321
X323.657 Y89.928
X324.736 Y88.775
X326.747 Y87.398
X328.943 Y86.342
X331.178 Y85.371
X333.464 Y84.526
X335.796 Y83.818
X338.169 Y83.264
X340.577 Y82.89
X343.008 Y82.713
X345.054 Y82.767
X345.229 Y82.811
X345.38 Y82.876
X345.502 Y82.988
X345.581 Y83.133
X345.608 Y83.296
Y87.288
G3 X345.217 Y87.758 I-0.5 J-0.017
G1 X345.093 Y87.786
X323.671 Y92.54
G3 X323.063 Y92.07 I-0.108 J-0.488
G1 Y87.642
X323.138 Y86.144
X323.936 Y84.874
X325.501 Y83.6
X327.678 Y82.506
X329.924 Y81.56
X332.214 Y80.726
X334.546 Y80.017
X336.915 Y79.446
X339.316 Y79.031
X341.74 Y78.783
X344.176 Y78.722
X345.163 Y78.831
X345.337 Y78.883
X345.48 Y78.994
X345.575 Y79.149
X345.608 Y79.328
Y83.296
G3 X345.207 Y83.768 I-0.5 J-0.017
G1 X345.092 Y83.792
X323.662 Y88.115
G3 X323.063 Y87.642 I-0.099 J-0.49
G1 Y83.215
X323.138 Y81.717
X323.934 Y80.445
X325.29 Y79.331
X327.463 Y78.227
X329.742 Y77.364
X332.049 Y76.581
X334.396 Y75.923
X336.774 Y75.392
X339.18 Y75.002
X341.606 Y74.78
X344.043 Y74.725
X345.162 Y74.847
X345.336 Y74.899
X345.48 Y75.01
X345.575 Y75.165
X345.608 Y75.344
Y79.328
G3 X345.197 Y79.802 I-0.5 J-0.017
G1 X345.092 Y79.821
X323.651 Y83.689
G3 X323.063 Y83.215 I-0.089 J-0.492
G1 Y78.787
X323.1 Y78.038
X323.564 Y76.612
X324.58 Y75.507
X326.511 Y74.281
X328.801 Y73.45
X331.113 Y72.677
X333.463 Y72.034
X335.841 Y71.501
X338.244 Y71.099
X340.668 Y70.843
X343.103 Y70.736
X345.12 Y70.821
X345.236 Y70.852
X345.385 Y70.919
X345.504 Y71.03
X345.581 Y71.174
X345.608 Y71.335
Y75.344
G3 X345.187 Y75.82 I-0.5 J-0.017
G1 X345.092 Y75.835
X323.642 Y79.263
G3 X323.063 Y78.787 I-0.079 J-0.494
G1 Y74.359
X323.1 Y73.61
X323.571 Y72.186
X324.614 Y71.108
X326.726 Y69.891
X329.049 Y69.157
X331.38 Y68.444
X333.746 Y67.862
X336.135 Y67.383
X338.546 Y67.028
X340.973 Y66.807
X343.409 Y66.723
X345.19 Y66.82
X345.242 Y66.834
X345.389 Y66.902
X345.506 Y67.013
X345.582 Y67.156
X345.608 Y67.316
Y71.335
G3 X345.178 Y71.813 I-0.5 J-0.017
G1 X345.091 Y71.825
X323.632 Y74.837
X323.615 Y74.839
X323.598 Y74.841
X323.58 Y74.842
G3 X323.063 Y74.359 I-0.017 J-0.5
G1 Y69.932
X323.1 Y69.183
X323.649 Y67.787
X324.72 Y66.737
X326.872 Y65.593
X328.959 Y65.008
X329.05 Y65.
G0 Z100.
X323.284 Y70.685
Z0.
G1 X323.063 Y69.932
X323.067 Y65.451
X323.092 Y65.345
X323.144 Y65.238
X323.216 Y65.152
X323.31 Y65.078
X323.379 Y65.042
X323.448 Y65.017
X323.587 Y65.
X344.888
X345.165 Y65.006
X345.234 Y65.021
X345.303 Y65.048
X345.372 Y65.087
X345.441 Y65.138
X345.521 Y65.23
X345.571 Y65.321
X345.605 Y65.459
X345.608 Y67.316
X345.6 Y67.39
X345.47 Y68.089
X330.443 Y148.745
X330.423 Y148.853
G3 X329.949 Y149.261 I-0.492 J-0.092
G1 X324.97
X324.221 Y149.223
X323.373 Y148.876
X323.247 Y148.801
X323.148 Y148.692
X323.085 Y148.559
X323.063 Y148.414
G3 X323.678 Y147.945 I0.5 J0.017
G1 X325.068 Y148.275
G3 X324.97 Y149.261 I-0.116 J0.486
G1 X323.517 Y149.257
X323.448 Y149.244
X323.379 Y149.219
X323.31 Y149.183
X323.215 Y149.109
X323.134 Y149.006
X323.099 Y148.937
X323.077 Y148.867
X323.065 Y148.798
X323.063 Y141.908
G3 X323.58 Y141.426 I0.5 J0.017
G0 Z100.
X379.759 Y121.618
Z0.
G3 X379.6 Y120.849 I1.422 J-0.695
G1 X380.096 Y114.761
X380.16 Y114.014
X380.735 Y112.628
X381.731 Y111.507
X383.749 Y110.141
X386.012 Y109.237
X388.359 Y108.582
X390.781 Y108.308
X393.218 Y108.306
X395.632 Y108.636
X397.977 Y109.299
X400.201 Y110.296
X402.277 Y111.572
X402.54 Y111.78
X402.64 Y111.886
X402.705 Y112.016
X402.73 Y112.16
X402.74 Y112.547
X402.766 Y113.101
X403.419 Y118.295
G3 X402.842 Y118.833 I-0.498 J0.045
G1 X380.595 Y115.268
X380.517 Y115.255
G3 X380.096 Y114.761 I0.079 J-0.494
G1 X380.156 Y113.101
X380.159 Y110.334
X380.234 Y108.835
X381.031 Y107.565
X382.441 Y106.482
X384.648 Y105.45
X387. Y104.811
X389.405 Y104.418
X391.838 Y104.286
X394.274 Y104.377
X396.682 Y104.751
X399.019 Y105.443
X401.269 Y106.379
X402.444 Y107.021
X402.582 Y107.132
X402.673 Y107.285
X402.704 Y107.46
Y110.887
X402.73 Y112.16
G3 X402.225 Y112.655 I-0.5 J-0.004
G1 X402.187 Y112.653
X380.676 Y110.819
X380.616 Y110.814
G3 X380.159 Y110.334 I0.042 J-0.498
G1 Y105.906
X380.197 Y105.157
X380.711 Y103.748
X381.763 Y102.679
X383.359 Y101.749
X385.68 Y101.006
X388.078 Y100.575
X390.504 Y100.334
X392.94 Y100.304
X395.372 Y100.467
X397.773 Y100.88
X400.103 Y101.597
X402.368 Y102.496
X402.429 Y102.527
X402.575 Y102.638
X402.671 Y102.794
X402.704 Y102.973
Y107.46
G3 X402.187 Y107.942 I-0.5 J-0.017
G1 X402.168 Y107.941
X380.676 Y106.391
X380.623 Y106.387
G3 X380.159 Y105.906 I0.036 J-0.499
G1 Y101.478
X380.197 Y100.729
X380.774 Y99.345
X381.902 Y98.356
X383.754 Y97.43
X386.117 Y96.837
X388.53 Y96.493
X390.959 Y96.303
X393.396 Y96.305
X395.826 Y96.493
X398.229 Y96.899
X400.578 Y97.546
X402.375 Y98.199
X402.508 Y98.272
X402.614 Y98.382
X402.681 Y98.518
X402.704 Y98.669
Y102.973
G3 X402.187 Y103.456 I-0.5 J-0.017
G1 X402.17 Y103.455
X380.676 Y101.963
X380.624 Y101.96
G3 X380.159 Y101.478 I0.035 J-0.499
G1 Y97.604
X380.234 Y96.106
X381.04 Y94.841
X382.263 Y93.973
X384.514 Y93.07
X386.918 Y92.673
X389.34 Y92.404
X391.774 Y92.283
X394.211 Y92.334
X396.638 Y92.55
X399.036 Y92.984
X401.389 Y93.617
X402.368 Y93.956
X402.504 Y94.028
X402.611 Y94.138
X402.68 Y94.276
X402.704 Y94.428
Y98.669
G3 X402.187 Y99.151 I-0.5 J-0.017
G1 X402.18
X380.676 Y98.088
X380.634 Y98.086
G3 X380.159 Y97.604 I0.025 J-0.499
G1 Y93.177
X380.197 Y92.428
X380.818 Y91.062
X381.941 Y90.068
X383.504 Y89.319
X385.877 Y88.765
X388.299 Y88.495
X390.73 Y88.321
X393.166 Y88.299
X395.6 Y88.427
X398.02 Y88.71
X400.411 Y89.184
X402.34 Y89.731
X402.486 Y89.8
X402.603 Y89.911
X402.678 Y90.053
X402.704 Y90.212
Y94.428
G3 X402.187 Y94.911 I-0.5 J-0.017
G1 X402.175 Y94.91
X380.676 Y93.661
X380.63 Y93.658
G3 X380.159 Y93.177 I0.029 J-0.499
G1 Y89.303
X380.197 Y88.554
X380.679 Y87.133
X381.762 Y86.095
X383.537 Y85.247
X385.911 Y84.695
X388.338 Y84.475
X390.769 Y84.31
X393.206 Y84.301
X395.64 Y84.422
X398.063 Y84.684
X400.463 Y85.108
X402.325 Y85.573
X402.476 Y85.639
X402.598 Y85.75
X402.677 Y85.895
X402.704 Y86.058
Y90.212
G3 X402.187 Y90.695 I-0.5 J-0.017
G1 X402.183 Y90.694
X380.676 Y89.786
X380.638 Y89.785
G3 X380.159 Y89.303 I0.021 J-0.5
G1 Y84.875
X380.197 Y84.126
X380.865 Y82.783
X382.042 Y81.853
X383.993 Y81.036
X386.391 Y80.602
X388.822 Y80.432
X391.254 Y80.286
X393.691 Y80.305
X396.124 Y80.445
X398.546 Y80.714
X400.947 Y81.13
X402.319 Y81.456
X402.473 Y81.521
X402.596 Y81.632
X402.676 Y81.778
X402.704 Y81.942
Y86.058
G3 X402.187 Y86.54 I-0.5 J-0.017
G1 X402.177
X380.676 Y85.359
X380.631 Y85.357
G3 X380.159 Y84.875 I0.027 J-0.499
G1 Y81.001
X380.197 Y80.252
X380.79 Y78.874
X381.9 Y77.866
X383.751 Y77.052
X386.141 Y76.576
X388.574 Y76.447
X391.006 Y76.292
X393.443 Y76.301
X395.877 Y76.42
X398.302 Y76.657
X400.712 Y77.021
X402.306 Y77.353
X402.464 Y77.415
X402.592 Y77.527
X402.675 Y77.675
X402.704 Y77.842
Y81.942
G3 X402.187 Y82.424 I-0.5 J-0.017
G1 X402.182
X380.676 Y81.485
X380.637 Y81.483
G3 X380.159 Y81.001 I0.022 J-0.5
G1 Y77.127
X380.197 Y76.378
X380.684 Y74.959
X381.752 Y73.906
X383.522 Y73.075
X385.899 Y72.54
X388.335 Y72.464
X390.766 Y72.297
X393.203 Y72.299
X395.638 Y72.4
X398.066 Y72.61
X400.481 Y72.933
X402.295 Y73.268
X402.457 Y73.329
X402.588 Y73.44
X402.674 Y73.59
X402.704 Y73.76
Y77.842
G3 X402.188 Y78.324 I-0.5 J-0.017
G1 X402.187
X380.676 Y77.61
X380.642 Y77.609
G3 X380.159 Y77.127 I0.017 J-0.5
G1 Y72.699
X380.197 Y71.95
X380.864 Y70.607
X382.042 Y69.679
X383.922 Y68.901
X386.322 Y68.477
X388.759 Y68.454
X391.189 Y68.268
X393.625 Y68.305
X396.06 Y68.416
X398.487 Y68.632
X400.903 Y68.953
X402.292 Y69.203
X402.455 Y69.263
X402.588 Y69.375
X402.674 Y69.525
X402.704 Y69.695
Y73.76
G3 X402.187 Y74.242 I-0.5 J-0.017
G1 X402.18
X380.676 Y73.183
X380.634 Y73.181
G3 X380.159 Y72.699 I0.025 J-0.499
G1 Y68.825
X380.197 Y68.076
X380.793 Y66.7
X381.911 Y65.699
X383.509 Y65.018
X383.643 Y65.
G0 Z100.
X380.38 Y69.579
Z0.
G1 X380.159 Y68.825
Y65.504
X380.177 Y65.377
X380.233 Y65.25
X380.298 Y65.165
X380.367 Y65.105
X380.436 Y65.06
X380.505 Y65.029
X380.575 Y65.01
X380.713 Y65.
X399.663
X402.097 Y65.122
X402.328 Y65.181
X402.479 Y65.248
X402.599 Y65.359
X402.677 Y65.504
X402.704 Y65.666
G3 X402.187 Y66.148 I-0.5 J-0.017
G1 X402.175 Y66.147
X399.651 Y65.999
G3 X399.663 Y65. I0.029 J-0.499
G1 X402.222 Y65.001
X402.291 Y65.012
X402.36 Y65.032
X402.484 Y65.097
X402.575 Y65.176
X402.65 Y65.284
X402.69 Y65.394
X402.704 Y65.504
Y69.695
X402.695 Y69.773
X402.674 Y69.849
X402.642 Y69.92
X402.378 Y70.403
X401.474 Y72.153
X400.639 Y73.937
X400.613 Y74.011
X400.598 Y74.087
X400.596 Y74.165
X402.862 Y120.094
X402.872 Y120.171
X402.894 Y120.246
X402.927 Y120.317
X403.888 Y121.936
X404.908 Y123.519
X405.315 Y124.117
X405.347 Y124.17
X407.206 Y128.044
X407.409 Y128.399
X407.558 Y128.597
X407.962 Y129.006
X408.515 Y129.506
X409.578 Y130.564
X409.982 Y132.009
X409.958 Y133.509
X409.434 Y135.604
X408.765 Y136.947
X407.77 Y138.069
X407.689 Y138.116
X407.525 Y138.177
X407.351
X407.187 Y138.118
X407.053 Y138.005
X405.196 Y135.782
X404.919 Y135.482
X404.622 Y135.239
G3 X404.534 Y134.591 I0.33 J-0.375
G1 X404.573 Y134.53
X407.775 Y129.615
G3 X408.515 Y129.506 I0.419 J0.273
G1 X411.807 Y132.472
X412.87 Y133.53
X413.264 Y134.977
X413.143 Y136.472
X412.621 Y138.033
X411.595 Y139.744
X410.564 Y140.834
X410.177 Y141.074
X410.012 Y141.14
X409.834 Y141.143
X409.666 Y141.084
X409.53 Y140.97
X407.053 Y138.005
G3 X407.064 Y137.378 I0.395 J-0.307
G1 X407.132 Y137.296
X411.101 Y132.534
G3 X411.807 Y132.472 I0.384 J0.32
G1 X412.425 Y133.025
X412.942 Y133.444
X413.19 Y133.578
X413.495 Y133.701
X414.353 Y133.922
X415.072 Y134.134
X415.647 Y134.615
X416.504 Y135.846
X416.689 Y137.335
X416.454 Y138.816
X415.598 Y140.882
X414.281 Y142.765
X413.085 Y143.864
X413.027 Y143.897
X412.887 Y143.952
X412.738 Y143.963
X412.591 Y143.929
X412.462 Y143.854
X410.885 Y142.578
X410.729 Y142.405
X409.53 Y140.97
G3 X409.513 Y140.379 I0.395 J-0.307
G1 X409.6 Y140.253
X413.726 Y134.293
X413.841 Y134.127
G3 X414.353 Y133.922 I0.411 J0.285
G1 X417.921 Y134.783
X418.641 Y134.995
X419.781 Y135.97
X420.295 Y137.379
X420.355 Y138.878
X419.861 Y141.116
X418.835 Y143.326
X417.385 Y145.285
X416.262 Y146.363
X416.112 Y146.462
X415.937 Y146.502
X415.759 Y146.477
X415.601 Y146.391
X412.462 Y143.854
G3 X412.363 Y143.215 I0.328 J-0.378
G1 X412.406 Y143.145
X417.304 Y135.16
X417.395 Y135.012
G3 X417.921 Y134.783 I0.426 J0.261
G1 X419.028 Y135.041
X420.376 Y135.335
X420.688 Y135.337
X420.963 Y135.301
X421.335 Y135.253
X422.05 Y135.478
X423.275 Y136.344
X423.96 Y137.679
X424.136 Y139.183
X423.922 Y141.294
X423.159 Y143.608
X422.055 Y145.781
X420.558 Y147.703
X419.979 Y148.291
X419.826 Y148.398
X419.644 Y148.44
X419.459 Y148.413
X417.117 Y147.599
X416.992 Y147.516
X415.601 Y146.391
G3 X415.483 Y145.789 I0.328 J-0.378
G1 X415.538 Y145.678
X420.481 Y135.883
X420.644 Y135.559
G3 X420.963 Y135.301 I0.446 J0.225
G1 X421.241 Y135.238
X423.454 Y134.526
X424.178 Y134.329
X425.664 Y134.535
X426.858 Y135.442
X427.579 Y136.757
X427.961 Y138.22
X428.052 Y140.612
X427.616 Y143.01
X426.8 Y145.306
X425.68 Y147.47
X424.281 Y149.466
X424.086 Y149.686
X423.973 Y149.781
X423.838 Y149.839
X423.692 Y149.855
X423.548 Y149.828
X419.459 Y148.413
G3 X419.161 Y147.8 I0.18 J-0.467
G1 X419.172 Y147.767
X423.052 Y135.159
X423.148 Y134.849
G3 X423.454 Y134.526 I0.478 J0.147
G1 X426.774 Y133.443
X427.497 Y133.246
X428.994 Y133.343
X430.248 Y134.167
X431.095 Y135.405
X431.666 Y136.863
X432.045 Y139.27
X431.968 Y141.706
X431.474 Y144.093
X430.66 Y146.39
X429.619 Y148.593
X428.486 Y150.449
X428.393 Y150.561
X428.273 Y150.641
X428.134 Y150.683
X427.99 Y150.684
X424.706 Y150.221
X424.561 Y150.178
X423.548 Y149.828
G3 X423.238 Y149.259 I0.18 J-0.467
G1 X423.255 Y149.18
X426.399 Y134.083
X426.456 Y133.811
G3 X426.774 Y133.443 I0.49 J0.102
G1 X427.327 Y133.262
X428.485 Y132.842
X428.71 Y132.701
X429.026 Y132.472
X429.54 Y132.07
X430.153 Y131.638
X430.895 Y131.525
X432.381 Y131.729
X433.631 Y132.558
X434.634 Y133.882
X435.383 Y135.509
X435.9 Y137.89
X436.047 Y140.323
X435.882 Y142.754
X435.334 Y145.129
X434.538 Y147.432
X433.55 Y149.66
X432.791 Y151.035
X432.7 Y151.154
X432.577 Y151.241
X432.434 Y151.287
X432.284 Y151.289
X427.99 Y150.684
G3 X427.579 Y150.142 I0.087 J-0.492
G1 X427.583 Y150.105
X429.324 Y132.8
X429.364 Y132.402
G3 X429.54 Y132.07 I0.497 J0.05
G1 X432.307 Y129.906
X432.92 Y129.474
X434.394 Y129.199
X435.811 Y129.69
X436.98 Y130.63
X438.21 Y132.19
X439.133 Y134.102
X439.694 Y136.473
X439.992 Y138.892
X440.018 Y141.328
X439.799 Y143.756
X439.201 Y146.118
X438.43 Y148.43
X437.827 Y149.862
X437.749 Y149.989
X437.637 Y150.088
X437.5 Y150.149
X433.059 Y151.377
X432.992 Y151.382
X432.284 Y151.289
G3 X431.871 Y150.79 I0.087 J-0.492
G1 X431.872 Y150.709
X432.124 Y130.638
X432.128 Y130.282
G3 X432.307 Y129.906 I0.5 J0.006
G1 X433.678 Y128.833
X433.966 Y128.57
X434.188 Y128.307
X434.356 Y128.044
X434.76 Y127.412
X435.399 Y127.02
X436.856 Y126.662
X438.313 Y127.02
X439.606 Y127.863
X440.998 Y129.282
X442.288 Y131.349
X443.177 Y133.618
X443.682 Y136.002
X443.961 Y138.423
X444.019 Y140.859
X443.869 Y143.292
X443.466 Y145.695
X442.796 Y148.038
X442.634 Y148.503
X442.557 Y148.643
X442.44 Y148.753
X442.295 Y148.82
X437.5 Y150.149
G3 X436.887 Y149.722 I-0.117 J-0.486
G1 X434.388 Y128.821
X434.325 Y128.288
X434.322 Y128.205
X434.332 Y128.123
X434.356 Y128.044
X434.52 Y127.671
X434.778 Y126.937
X435.347 Y125.277
X435.626 Y124.58
X436.757 Y123.595
X438.222 Y123.271
X439.699 Y123.529
X441.167 Y124.196
X443.043 Y125.605
X444.63 Y127.454
X445.869 Y129.552
X446.769 Y131.817
X447.404 Y134.17
X447.793 Y136.575
X448. Y139.003
X448.017 Y141.44
X447.835 Y143.87
X447.423 Y146.272
X447.265 Y146.867
X447.21 Y146.996
X447.122 Y147.104
X447.007 Y147.184
X445.585 Y147.902
X442.531 Y148.754
X442.295 Y148.82
G3 X441.697 Y148.467 I-0.117 J-0.486
G1 X441.692 Y148.45
X435.478 Y126.04
X435.344 Y125.556
G3 X435.347 Y125.277 I0.482 J-0.134
G1 X436.483 Y121.956
X436.739 Y121.251
X437.804 Y120.194
X439.243 Y119.771
X440.738 Y119.891
X442.326 Y120.387
X444.44 Y121.598
X446.296 Y123.177
X447.836 Y125.066
X449.101 Y127.149
X450.121 Y129.362
X450.898 Y131.672
X451.464 Y134.042
X451.818 Y136.453
X452. Y138.884
X452.016 Y141.32
X451.859 Y143.752
X451.812 Y144.078
X451.784 Y144.186
X451.732 Y144.286
X451.659 Y144.372
X450.769 Y145.201
X450.565 Y145.381
X447.007 Y147.184
G3 X446.343 Y146.94 I-0.21 J-0.454
G1 X446.333 Y146.916
X436.673 Y122.702
X436.501 Y122.272
G3 X436.483 Y121.956 I0.464 J-0.185
G1 X436.713 Y121.203
X436.802 Y120.296
X436.89 Y119.189
X436.986 Y118.445
X437.305 Y117.766
X438.318 Y116.66
X439.727 Y116.144
X441.262 Y116.105
X443.039 Y116.451
X445.274 Y117.421
X447.323 Y118.741
X449.143 Y120.361
X450.696 Y122.239
X452.05 Y124.265
X453.193 Y126.418
X454.136 Y128.665
X454.875 Y130.987
X455.409 Y133.365
X455.761 Y135.776
X455.964 Y138.205
X455.973 Y138.614
X455.968 Y138.699
X455.948 Y138.783
X455.914 Y138.861
X454.261 Y141.932
X454.217 Y141.984
X451.659 Y144.372
G3 X450.895 Y144.24 I-0.328 J-0.377
G1 X437.202 Y119.898
X436.953 Y119.456
G3 X436.89 Y119.189 I0.436 J-0.245
G1 X437.197 Y115.315
X437.292 Y114.571
X438.075 Y113.291
X439.383 Y112.558
X440.854 Y112.262
X442.888 Y112.357
X445.24 Y112.994
X447.449 Y114.024
X449.475 Y115.378
X451.341 Y116.946
X453.01 Y118.721
X454.482 Y120.663
X455.791 Y122.718
X456.902 Y124.888
X457.831 Y127.14
X458.531 Y129.295
X458.538 Y129.365
X458.536 Y129.436
X458.311 Y131.491
X458.056 Y132.472
X456.736 Y137.314
X456.651 Y137.487
X455.914 Y138.861
G3 X455.085 Y138.913 I-0.432 J-0.252
G1 X437.566 Y115.987
X437.3 Y115.639
G3 X437.197 Y115.315 I0.397 J-0.304
G1 X437.24 Y114.761
X437.335 Y113.101
X437.341 Y111.994
X437.379 Y111.245
X437.957 Y109.861
X439.132 Y108.929
X440.569 Y108.497
X442.454 Y108.357
X444.866 Y108.705
X447.189 Y109.441
X449.374 Y110.519
X451.411 Y111.857
X453.322 Y113.37
X455.082 Y115.055
X456.678 Y116.897
X458.11 Y118.869
X459.364 Y120.891
X459.412 Y120.991
X459.436 Y121.098
X459.437 Y121.209
X458.536 Y129.436
G3 X457.715 Y129.743 I-0.495 J-0.072
G1 X437.797 Y112.599
X437.514 Y112.355
G3 X437.341 Y111.994 I0.326 J-0.379
G1 Y108.12
X437.379 Y107.371
X438.007 Y106.009
X439.202 Y105.102
X440.782 Y104.592
X442.779 Y104.404
X445.197 Y104.703
X447.549 Y105.342
X449.814 Y106.242
X451.961 Y107.394
X453.976 Y108.764
X455.874 Y110.293
X457.645 Y111.967
X459.278 Y113.776
X459.695 Y114.315
X459.753 Y114.408
X459.788 Y114.512
X459.8 Y114.621
Y116.422
X459.789 Y116.975
X459.718 Y118.635
X459.437 Y121.209
G3 X458.679 Y121.563 I-0.495 J-0.072
G1 X437.828 Y108.682
X437.578 Y108.528
G3 X437.341 Y108.12 I0.263 J-0.425
G1 Y104.246
X437.379 Y103.497
X438.03 Y102.146
X439.216 Y101.226
X440.921 Y100.648
X442.954 Y100.425
X445.377 Y100.688
X447.751 Y101.235
X450.061 Y102.013
X452.29 Y102.998
X454.416 Y104.188
X456.409 Y105.59
X458.308 Y107.118
X459.64 Y108.352
X459.727 Y108.457
X459.781 Y108.583
X459.8 Y108.718
Y114.621
G3 X459.083 Y115.054 I-0.5 J-0.017
G1 X437.841 Y104.784
X437.623 Y104.678
G3 X437.341 Y104.246 I0.218 J-0.45
G1 Y100.372
X437.379 Y99.622
X438.022 Y98.267
X439.19 Y97.326
X440.939 Y96.697
X442.953 Y96.438
X445.38 Y96.657
X447.772 Y97.121
X450.115 Y97.791
X452.397 Y98.647
X454.605 Y99.678
X456.715 Y100.898
X458.698 Y102.314
X459.611 Y103.039
X459.713 Y103.148
X459.778 Y103.283
X459.8 Y103.43
Y108.718
G3 X459.119 Y109.167 I-0.5 J-0.017
G1 X437.849 Y100.894
X437.659 Y100.82
G3 X437.341 Y100.372 I0.181 J-0.466
G1 Y96.497
X437.379 Y95.748
X437.991 Y94.379
X439.138 Y93.413
X440.865 Y92.752
X442.861 Y92.455
X445.292 Y92.625
X447.696 Y93.02
X450.063 Y93.599
X452.382 Y94.349
X454.643 Y95.258
X456.838 Y96.317
X458.931 Y97.566
X459.59 Y98.036
X459.703 Y98.147
X459.775 Y98.288
X459.8 Y98.443
Y103.43
G3 X459.147 Y103.889 I-0.5 J-0.017
G1 X437.852 Y97.009
X437.687 Y96.956
G3 X437.341 Y96.497 I0.154 J-0.476
G1 Y92.623
X437.379 Y91.874
X437.945 Y90.485
X439.071 Y89.494
X440.749 Y88.813
X442.732 Y88.477
X445.166 Y88.598
X447.579 Y88.937
X449.963 Y89.443
X452.308 Y90.105
X454.607 Y90.914
X456.853 Y91.86
X459.036 Y92.942
X459.561 Y93.265
X459.689 Y93.376
X459.771 Y93.524
X459.8 Y93.691
Y98.443
G3 X459.169 Y98.909 I-0.5 J-0.017
G1 X437.854 Y93.128
X437.71 Y93.088
G3 X437.341 Y92.623 I0.131 J-0.483
G1 Y88.749
X437.379 Y88.
X437.891 Y86.59
X438.995 Y85.575
X440.608 Y84.881
X442.576 Y84.505
X445.011 Y84.576
X447.431 Y84.868
X449.827 Y85.314
X452.191 Y85.903
X454.518 Y86.626
X456.801 Y87.479
X459.034 Y88.455
X459.526 Y88.705
X459.671 Y88.816
X459.767 Y88.972
X459.8 Y89.151
Y93.691
G3 X459.188 Y94.161 I-0.5 J-0.017
G1 X437.856 Y89.248
X437.728 Y89.219
G3 X437.341 Y88.749 I0.112 J-0.487
G1 Y84.875
X437.379 Y84.126
X437.832 Y82.696
X438.914 Y81.657
X440.449 Y80.958
X442.405 Y80.541
X444.842 Y80.561
X447.266 Y80.812
X449.67 Y81.208
X452.05 Y81.734
X454.398 Y82.387
X456.709 Y83.159
X458.978 Y84.048
X459.505 Y84.285
X459.661 Y84.395
X459.764 Y84.555
X459.8 Y84.741
Y89.151
G3 X459.203 Y89.624 I-0.5 J-0.017
G1 X437.857 Y85.371
X437.743 Y85.348
G3 X437.341 Y84.875 I0.098 J-0.49
G1 Y80.447
X437.379 Y79.698
X438.06 Y78.362
X439.266 Y77.47
X440.802 Y76.871
X443.211 Y76.497
X445.645 Y76.598
X448.066 Y76.879
X450.468 Y77.287
X452.848 Y77.814
X455.199 Y78.456
X457.517 Y79.208
X459.476 Y79.946
X459.608 Y80.02
X459.711 Y80.13
X459.777 Y80.265
X459.8 Y80.414
Y84.741
G3 X459.202 Y85.214 I-0.5 J-0.017
G1 X437.857 Y80.943
X437.743 Y80.92
G3 X437.341 Y80.447 I0.098 J-0.49
G1 Y76.573
X437.379 Y75.824
X438.021 Y74.469
X439.19 Y73.529
X441.086 Y72.806
X443.496 Y72.45
X445.927 Y72.619
X448.35 Y72.882
X450.755 Y73.276
X453.14 Y73.777
X455.5 Y74.385
X457.83 Y75.096
X459.467 Y75.674
X459.602 Y75.747
X459.708 Y75.857
X459.776 Y75.994
X459.8 Y76.146
Y80.414
G3 X459.212 Y80.889 I-0.5 J-0.017
G1 X437.857 Y77.067
X437.753 Y77.048
G3 X437.341 Y76.573 I0.088 J-0.492
G1 Y72.699
X437.379 Y71.95
X437.977 Y70.575
X439.105 Y69.586
X440.93 Y68.837
X443.101 Y68.461
X445.536 Y68.573
X447.961 Y68.812
X450.374 Y69.151
X452.768 Y69.603
X455.143 Y70.152
X457.492 Y70.799
X459.452 Y71.426
X459.592 Y71.497
X459.704 Y71.607
X459.775 Y71.747
X459.8 Y71.902
Y76.146
G3 X459.221 Y76.622 I-0.5 J-0.017
G1 X437.857 Y73.191
X437.761 Y73.175
G3 X437.341 Y72.699 I0.079 J-0.494
G1 Y68.825
X437.379 Y68.076
X437.904 Y66.671
X438.998 Y65.645
X440.432 Y65.019
X440.569 Y65.
G0 Z100.
X437.562 Y69.579
Z0.
G1 X437.341 Y68.825
X437.346 Y65.441
X437.381 Y65.315
X437.413 Y65.252
X437.486 Y65.159
X437.573 Y65.087
X437.68 Y65.032
X437.786 Y65.005
X447.798 Y65.
X450.232 Y65.122
X452.641 Y65.494
X455.022 Y66.013
X457.384 Y66.611
X459.442 Y67.22
X459.586 Y67.289
X459.701 Y67.4
X459.775 Y67.542
X459.8 Y67.7
Y71.902
G3 X459.057 Y72.322 I-0.5 J-0.017
G1 X447.573 Y65.937
G3 X447.798 Y65. I0.243 J-0.437
G1 X459.348 Y65.003
X459.417 Y65.017
X459.536 Y65.065
X459.623 Y65.127
X459.705 Y65.218
X459.763 Y65.321
X459.795 Y65.443
X459.8 Y67.7
G3 X459.283 Y68.182 I-0.5 J-0.017
G0 Z100.

M5
M9
G49
M30
%
